[
{
    "model": "auth.user",
    "pk": 1,
    "fields": {
        "password": "pbkdf2_sha256$30000$W8F6uMSD3F6o$kS6/le5IIbtxhJyiDnrDTBLzTZtkHZua+VlSO5prBEU=",
        "last_login": "2017-06-03T03:30:43.524Z",
        "is_superuser": true,
        "username": "nick",
        "first_name": "",
        "last_name": "",
        "email": "",
        "is_staff": true,
        "is_active": true,
        "date_joined": "2017-04-21T04:35:24.334Z",
        "groups": [],
        "user_permissions": []
    }
},
{
    "model": "sessions.session",
    "pk": "5uhlqyeb1eat1gko7nku2xz5ir9hlyzr",
    "fields": {
        "session_data": "MDI2OTZiYWEwNWQxZjJjM2JmNzk2ZDFiZTkzZGUzYzYxMTNiNzU3ZDp7Il9hdXRoX3VzZXJfaWQiOiIxIiwiX2F1dGhfdXNlcl9iYWNrZW5kIjoiZGphbmdvLmNvbnRyaWIuYXV0aC5iYWNrZW5kcy5Nb2RlbEJhY2tlbmQiLCJfYXV0aF91c2VyX2hhc2giOiI1NDkwMmM2MWNjMGFjYzU2NWZmM2EzMDI2ZmUxOTdlOTU1M2QyYTBkIn0=",
        "expire_date": "2017-05-20T22:39:01.581Z"
    }
},
{
    "model": "sessions.session",
    "pk": "95z9br9x6r0vn0oxr0yegxtkfs0gq5sr",
    "fields": {
        "session_data": "NDdhNTk2ZWVlOWFkMmI2NWRkZDg5YTBhYjlkYmMyNDAzYTQ2ZWUxMzp7Il9hdXRoX3VzZXJfaWQiOiIxIiwiX2F1dGhfdXNlcl9iYWNrZW5kIjoiZGphbmdvLmNvbnRyaWIuYXV0aC5iYWNrZW5kcy5Nb2RlbEJhY2tlbmQiLCJfYXV0aF91c2VyX2hhc2giOiI5YjJjNmViMzE5ZGE4Njk2YzI5NWY4YmIzY2I4NjE5YjI1OWVjN2I4In0=",
        "expire_date": "2017-06-17T03:30:43.543Z"
    }
},
{
    "model": "sessions.session",
    "pk": "d0ztog315oei23xg7dib80nvvn4gq51k",
    "fields": {
        "session_data": "MDI2OTZiYWEwNWQxZjJjM2JmNzk2ZDFiZTkzZGUzYzYxMTNiNzU3ZDp7Il9hdXRoX3VzZXJfaWQiOiIxIiwiX2F1dGhfdXNlcl9iYWNrZW5kIjoiZGphbmdvLmNvbnRyaWIuYXV0aC5iYWNrZW5kcy5Nb2RlbEJhY2tlbmQiLCJfYXV0aF91c2VyX2hhc2giOiI1NDkwMmM2MWNjMGFjYzU2NWZmM2EzMDI2ZmUxOTdlOTU1M2QyYTBkIn0=",
        "expire_date": "2017-05-07T22:54:54.947Z"
    }
},
{
    "model": "resume.technology",
    "pk": 1,
    "fields": {
        "name": "Java",
        "icon": null,
        "the_order": 1
    }
},
{
    "model": "resume.technology",
    "pk": 2,
    "fields": {
        "name": "C++",
        "icon": null,
        "the_order": 4
    }
},
{
    "model": "resume.technology",
    "pk": 3,
    "fields": {
        "name": "C",
        "icon": null,
        "the_order": 5
    }
},
{
    "model": "resume.technology",
    "pk": 4,
    "fields": {
        "name": "C# .NET",
        "icon": null,
        "the_order": 3
    }
},
{
    "model": "resume.technology",
    "pk": 5,
    "fields": {
        "name": "ASP.NET",
        "icon": null,
        "the_order": 8
    }
},
{
    "model": "resume.technology",
    "pk": 6,
    "fields": {
        "name": "Oracle ADF 10g/11g",
        "icon": null,
        "the_order": 10
    }
},
{
    "model": "resume.technology",
    "pk": 7,
    "fields": {
        "name": "Visual Basic 6",
        "icon": null,
        "the_order": 11
    }
},
{
    "model": "resume.technology",
    "pk": 8,
    "fields": {
        "name": "Visual Basic .NET",
        "icon": null,
        "the_order": 9
    }
},
{
    "model": "resume.technology",
    "pk": 9,
    "fields": {
        "name": "Objective-C",
        "icon": null,
        "the_order": 13
    }
},
{
    "model": "resume.technology",
    "pk": 10,
    "fields": {
        "name": "UML",
        "icon": null,
        "the_order": 18
    }
},
{
    "model": "resume.technology",
    "pk": 11,
    "fields": {
        "name": "HTML",
        "icon": null,
        "the_order": 14
    }
},
{
    "model": "resume.technology",
    "pk": 12,
    "fields": {
        "name": "XML",
        "icon": null,
        "the_order": 19
    }
},
{
    "model": "resume.technology",
    "pk": 13,
    "fields": {
        "name": "XHTML",
        "icon": null,
        "the_order": 20
    }
},
{
    "model": "resume.technology",
    "pk": 14,
    "fields": {
        "name": "XSLT",
        "icon": null,
        "the_order": 21
    }
},
{
    "model": "resume.technology",
    "pk": 15,
    "fields": {
        "name": "JSON",
        "icon": null,
        "the_order": 22
    }
},
{
    "model": "resume.technology",
    "pk": 16,
    "fields": {
        "name": "JavaScript",
        "icon": null,
        "the_order": 6
    }
},
{
    "model": "resume.technology",
    "pk": 17,
    "fields": {
        "name": "AJAX",
        "icon": null,
        "the_order": 23
    }
},
{
    "model": "resume.technology",
    "pk": 18,
    "fields": {
        "name": "CSS",
        "icon": null,
        "the_order": 15
    }
},
{
    "model": "resume.technology",
    "pk": 19,
    "fields": {
        "name": "LESS",
        "icon": null,
        "the_order": 24
    }
},
{
    "model": "resume.technology",
    "pk": 20,
    "fields": {
        "name": "PHP",
        "icon": null,
        "the_order": 25
    }
},
{
    "model": "resume.technology",
    "pk": 21,
    "fields": {
        "name": "SQL",
        "icon": null,
        "the_order": 7
    }
},
{
    "model": "resume.technology",
    "pk": 22,
    "fields": {
        "name": "Delphi",
        "icon": null,
        "the_order": 26
    }
},
{
    "model": "resume.technology",
    "pk": 23,
    "fields": {
        "name": "PL/pgSQL",
        "icon": null,
        "the_order": 27
    }
},
{
    "model": "resume.technology",
    "pk": 24,
    "fields": {
        "name": "T-SQL",
        "icon": null,
        "the_order": 28
    }
},
{
    "model": "resume.technology",
    "pk": 25,
    "fields": {
        "name": "MySQL",
        "icon": null,
        "the_order": 29
    }
},
{
    "model": "resume.technology",
    "pk": 26,
    "fields": {
        "name": "Python",
        "icon": null,
        "the_order": 2
    }
},
{
    "model": "resume.technology",
    "pk": 27,
    "fields": {
        "name": "Perl",
        "icon": null,
        "the_order": 16
    }
},
{
    "model": "resume.technology",
    "pk": 28,
    "fields": {
        "name": "Ruby on Rails",
        "icon": null,
        "the_order": 17
    }
},
{
    "model": "resume.technology",
    "pk": 29,
    "fields": {
        "name": "Haskell",
        "icon": null,
        "the_order": 30
    }
},
{
    "model": "resume.technology",
    "pk": 30,
    "fields": {
        "name": "LISP",
        "icon": null,
        "the_order": 31
    }
},
{
    "model": "resume.technology",
    "pk": 31,
    "fields": {
        "name": "VHDL",
        "icon": null,
        "the_order": 32
    }
},
{
    "model": "resume.technology",
    "pk": 32,
    "fields": {
        "name": "PathMATE",
        "icon": null,
        "the_order": 33
    }
},
{
    "model": "resume.technology",
    "pk": 33,
    "fields": {
        "name": "Clojure",
        "icon": null,
        "the_order": 34
    }
},
{
    "model": "resume.technology",
    "pk": 34,
    "fields": {
        "name": "VBA",
        "icon": null,
        "the_order": 12
    }
},
{
    "model": "resume.technology",
    "pk": 35,
    "fields": {
        "name": "Bash",
        "icon": null,
        "the_order": 35
    }
},
{
    "model": "resume.technology",
    "pk": 36,
    "fields": {
        "name": "JSF",
        "icon": null,
        "the_order": 36
    }
},
{
    "model": "resume.technology",
    "pk": 37,
    "fields": {
        "name": "ADF Faces",
        "icon": null,
        "the_order": 37
    }
},
{
    "model": "resume.technology",
    "pk": 38,
    "fields": {
        "name": "REST",
        "icon": null,
        "the_order": 38
    }
},
{
    "model": "resume.technology",
    "pk": 39,
    "fields": {
        "name": "SOAP",
        "icon": null,
        "the_order": 39
    }
},
{
    "model": "resume.technology",
    "pk": 40,
    "fields": {
        "name": "ADF BC",
        "icon": null,
        "the_order": 40
    }
},
{
    "model": "resume.technology",
    "pk": 41,
    "fields": {
        "name": "Unity 3D",
        "icon": null,
        "the_order": 41
    }
},
{
    "model": "resume.technology",
    "pk": 42,
    "fields": {
        "name": "XNA",
        "icon": null,
        "the_order": 42
    }
},
{
    "model": "resume.technology",
    "pk": 43,
    "fields": {
        "name": "iOS",
        "icon": null,
        "the_order": 43
    }
},
{
    "model": "resume.technology",
    "pk": 44,
    "fields": {
        "name": "Ruby on Rails",
        "icon": null,
        "the_order": 44
    }
},
{
    "model": "resume.technology",
    "pk": 45,
    "fields": {
        "name": "3D Studio Max",
        "icon": null,
        "the_order": 45
    }
},
{
    "model": "resume.technology",
    "pk": 46,
    "fields": {
        "name": "3D",
        "icon": null,
        "the_order": 46
    }
},
{
    "model": "resume.technology",
    "pk": 47,
    "fields": {
        "name": "WebLogic",
        "icon": "",
        "the_order": 47
    }
},
{
    "model": "resume.technology",
    "pk": 48,
    "fields": {
        "name": "Java EE",
        "icon": null,
        "the_order": 48
    }
},
{
    "model": "resume.technology",
    "pk": 49,
    "fields": {
        "name": "EJB",
        "icon": null,
        "the_order": 49
    }
},
{
    "model": "resume.technology",
    "pk": 50,
    "fields": {
        "name": "Solaris",
        "icon": null,
        "the_order": 50
    }
},
{
    "model": "resume.technology",
    "pk": 51,
    "fields": {
        "name": "Access",
        "icon": null,
        "the_order": 51
    }
},
{
    "model": "resume.technology",
    "pk": 52,
    "fields": {
        "name": "GIS",
        "icon": null,
        "the_order": 52
    }
},
{
    "model": "resume.technology",
    "pk": 53,
    "fields": {
        "name": "Luciad Map",
        "icon": null,
        "the_order": 53
    }
},
{
    "model": "resume.technology",
    "pk": 54,
    "fields": {
        "name": "MDA",
        "icon": null,
        "the_order": 54
    }
},
{
    "model": "resume.technology",
    "pk": 55,
    "fields": {
        "name": "PathMATE",
        "icon": null,
        "the_order": 55
    }
},
{
    "model": "resume.technology",
    "pk": 57,
    "fields": {
        "name": "Apache",
        "icon": null,
        "the_order": 56
    }
},
{
    "model": "resume.technology",
    "pk": 58,
    "fields": {
        "name": "Chrome",
        "icon": null,
        "the_order": 57
    }
},
{
    "model": "resume.technology",
    "pk": 59,
    "fields": {
        "name": "Opera",
        "icon": "",
        "the_order": 58
    }
},
{
    "model": "resume.technology",
    "pk": 60,
    "fields": {
        "name": "Microsoft Edge",
        "icon": "",
        "the_order": 59
    }
},
{
    "model": "resume.technology",
    "pk": 61,
    "fields": {
        "name": "Firefox",
        "icon": "",
        "the_order": 60
    }
},
{
    "model": "resume.technology",
    "pk": 62,
    "fields": {
        "name": "YAML",
        "icon": "",
        "the_order": 61
    }
},
{
    "model": "resume.technology",
    "pk": 63,
    "fields": {
        "name": "Jupyter",
        "icon": "",
        "the_order": 62
    }
},
{
    "model": "resume.technology",
    "pk": 64,
    "fields": {
        "name": "Sphinx",
        "icon": "",
        "the_order": 63
    }
},
{
    "model": "resume.technology",
    "pk": 66,
    "fields": {
        "name": "Bootstrap",
        "icon": "",
        "the_order": 64
    }
},
{
    "model": "resume.technology",
    "pk": 67,
    "fields": {
        "name": "jQuery",
        "icon": "",
        "the_order": 65
    }
},
{
    "model": "resume.technology",
    "pk": 68,
    "fields": {
        "name": "SQLite",
        "icon": "",
        "the_order": 66
    }
},
{
    "model": "resume.technology",
    "pk": 69,
    "fields": {
        "name": "Django",
        "icon": "",
        "the_order": 67
    }
},
{
    "model": "resume.technology",
    "pk": 70,
    "fields": {
        "name": "Groovy",
        "icon": "",
        "the_order": 68
    }
},
{
    "model": "resume.technology",
    "pk": 71,
    "fields": {
        "name": "JAXB",
        "icon": "",
        "the_order": 69
    }
},
{
    "model": "resume.technology",
    "pk": 72,
    "fields": {
        "name": "XJC",
        "icon": "",
        "the_order": 70
    }
},
{
    "model": "resume.technology",
    "pk": 73,
    "fields": {
        "name": "AngularJS",
        "icon": "",
        "the_order": 71
    }
},
{
    "model": "resume.technology",
    "pk": 74,
    "fields": {
        "name": "Jetty",
        "icon": "",
        "the_order": 72
    }
},
{
    "model": "resume.technology",
    "pk": 75,
    "fields": {
        "name": "Jackson",
        "icon": "",
        "the_order": 73
    }
},
{
    "model": "resume.technology",
    "pk": 76,
    "fields": {
        "name": "Guice",
        "icon": "",
        "the_order": 74
    }
},
{
    "model": "resume.technology",
    "pk": 77,
    "fields": {
        "name": "Hibernate",
        "icon": "",
        "the_order": 75
    }
},
{
    "model": "resume.technology",
    "pk": 78,
    "fields": {
        "name": "Jersey",
        "icon": "",
        "the_order": 76
    }
},
{
    "model": "resume.technology",
    "pk": 79,
    "fields": {
        "name": "Ant",
        "icon": "",
        "the_order": 77
    }
},
{
    "model": "resume.technology",
    "pk": 80,
    "fields": {
        "name": "Siebal Enterprise",
        "icon": "",
        "the_order": 78
    }
},
{
    "model": "resume.technology",
    "pk": 81,
    "fields": {
        "name": "Oracle Application Server",
        "icon": "",
        "the_order": 79
    }
},
{
    "model": "resume.technology",
    "pk": 82,
    "fields": {
        "name": "Razor",
        "icon": "",
        "the_order": 80
    }
},
{
    "model": "resume.technology",
    "pk": 83,
    "fields": {
        "name": "Dynamics GP",
        "icon": "",
        "the_order": 81
    }
},
{
    "model": "resume.technology",
    "pk": 84,
    "fields": {
        "name": "BizTalk",
        "icon": "",
        "the_order": 82
    }
},
{
    "model": "resume.technology",
    "pk": 85,
    "fields": {
        "name": "Klockwork",
        "icon": "",
        "the_order": 83
    }
},
{
    "model": "resume.technology",
    "pk": 86,
    "fields": {
        "name": "EMMA",
        "icon": "",
        "the_order": 84
    }
},
{
    "model": "resume.technology",
    "pk": 87,
    "fields": {
        "name": "Cocoa",
        "icon": "",
        "the_order": 85
    }
},
{
    "model": "resume.profile",
    "pk": 1,
    "fields": {
        "website": "Github",
        "url": "https://www.github.com/nickweseman",
        "icon": "fa fa-github",
        "the_order": 2
    }
},
{
    "model": "resume.profile",
    "pk": 2,
    "fields": {
        "website": "Stack Overflow",
        "url": "http://stackoverflow.com/users/7906399/nick-weseman?tab=profile",
        "icon": "fa fa-stack-overflow",
        "the_order": 4
    }
},
{
    "model": "resume.profile",
    "pk": 3,
    "fields": {
        "website": "LinkedIn",
        "url": "https://www.linkedin.com/in/nick-weseman-a404761/",
        "icon": "fa fa-linkedin",
        "the_order": 3
    }
},
{
    "model": "resume.profile",
    "pk": 4,
    "fields": {
        "website": "R\u00e9sum\u00e9 (Word)",
        "url": "static/doc/resume_Nick_Weseman.docx",
        "icon": "fa fa-file-word-o",
        "the_order": 0
    }
},
{
    "model": "resume.profile",
    "pk": 5,
    "fields": {
        "website": "R\u00e9sum\u00e9 (PDF)",
        "url": "static/doc/resume_Nick_Weseman.pdf",
        "icon": "fa fa-file-pdf-o",
        "the_order": 1
    }
},
{
    "model": "resume.subject",
    "pk": 1,
    "fields": {
        "name": "Front-End",
        "icon": "fa fa-desktop",
        "the_order": 0
    }
},
{
    "model": "resume.subject",
    "pk": 2,
    "fields": {
        "name": "Back-End",
        "icon": "fa fa-server",
        "the_order": 1
    }
},
{
    "model": "resume.subject",
    "pk": 3,
    "fields": {
        "name": "Web Development",
        "icon": "fa fa-internet-explorer",
        "the_order": 3
    }
},
{
    "model": "resume.subject",
    "pk": 4,
    "fields": {
        "name": "Mobile Development",
        "icon": "fa fa-mobile",
        "the_order": 4
    }
},
{
    "model": "resume.subject",
    "pk": 5,
    "fields": {
        "name": "DBA",
        "icon": "fa fa-database",
        "the_order": 6
    }
},
{
    "model": "resume.subject",
    "pk": 6,
    "fields": {
        "name": "Project Management",
        "icon": "fa fa-user",
        "the_order": 2
    }
},
{
    "model": "resume.language",
    "pk": 1,
    "fields": {
        "the_order": 0
    }
},
{
    "model": "resume.language",
    "pk": 26,
    "fields": {
        "the_order": 2
    }
},
{
    "model": "resume.language",
    "pk": 4,
    "fields": {
        "the_order": 1
    }
},
{
    "model": "resume.language",
    "pk": 2,
    "fields": {
        "the_order": 3
    }
},
{
    "model": "resume.language",
    "pk": 3,
    "fields": {
        "the_order": 4
    }
},
{
    "model": "resume.language",
    "pk": 16,
    "fields": {
        "the_order": 6
    }
},
{
    "model": "resume.language",
    "pk": 21,
    "fields": {
        "the_order": 5
    }
},
{
    "model": "resume.language",
    "pk": 5,
    "fields": {
        "the_order": 10
    }
},
{
    "model": "resume.language",
    "pk": 8,
    "fields": {
        "the_order": 15
    }
},
{
    "model": "resume.language",
    "pk": 6,
    "fields": {
        "the_order": 13
    }
},
{
    "model": "resume.language",
    "pk": 7,
    "fields": {
        "the_order": 14
    }
},
{
    "model": "resume.language",
    "pk": 34,
    "fields": {
        "the_order": 25
    }
},
{
    "model": "resume.language",
    "pk": 9,
    "fields": {
        "the_order": 16
    }
},
{
    "model": "resume.language",
    "pk": 11,
    "fields": {
        "the_order": 8
    }
},
{
    "model": "resume.language",
    "pk": 18,
    "fields": {
        "the_order": 9
    }
},
{
    "model": "resume.language",
    "pk": 27,
    "fields": {
        "the_order": 27
    }
},
{
    "model": "resume.language",
    "pk": 28,
    "fields": {
        "the_order": 12
    }
},
{
    "model": "resume.language",
    "pk": 12,
    "fields": {
        "the_order": 17
    }
},
{
    "model": "resume.language",
    "pk": 14,
    "fields": {
        "the_order": 18
    }
},
{
    "model": "resume.language",
    "pk": 15,
    "fields": {
        "the_order": 19
    }
},
{
    "model": "resume.language",
    "pk": 17,
    "fields": {
        "the_order": 20
    }
},
{
    "model": "resume.language",
    "pk": 19,
    "fields": {
        "the_order": 21
    }
},
{
    "model": "resume.language",
    "pk": 20,
    "fields": {
        "the_order": 7
    }
},
{
    "model": "resume.language",
    "pk": 22,
    "fields": {
        "the_order": 22
    }
},
{
    "model": "resume.language",
    "pk": 23,
    "fields": {
        "the_order": 23
    }
},
{
    "model": "resume.language",
    "pk": 24,
    "fields": {
        "the_order": 24
    }
},
{
    "model": "resume.language",
    "pk": 25,
    "fields": {
        "the_order": 26
    }
},
{
    "model": "resume.language",
    "pk": 29,
    "fields": {
        "the_order": 28
    }
},
{
    "model": "resume.language",
    "pk": 30,
    "fields": {
        "the_order": 29
    }
},
{
    "model": "resume.language",
    "pk": 31,
    "fields": {
        "the_order": 30
    }
},
{
    "model": "resume.language",
    "pk": 32,
    "fields": {
        "the_order": 31
    }
},
{
    "model": "resume.language",
    "pk": 33,
    "fields": {
        "the_order": 32
    }
},
{
    "model": "resume.language",
    "pk": 35,
    "fields": {
        "the_order": 33
    }
},
{
    "model": "resume.language",
    "pk": 70,
    "fields": {
        "the_order": 11
    }
},
{
    "model": "resume.operatingsystem",
    "pk": 1,
    "fields": {
        "name": "Windows",
        "icon": "fa fa-windows",
        "the_order": 1
    }
},
{
    "model": "resume.operatingsystem",
    "pk": 2,
    "fields": {
        "name": "Linux / Unix",
        "icon": "fa fa-linux",
        "the_order": 2
    }
},
{
    "model": "resume.operatingsystem",
    "pk": 3,
    "fields": {
        "name": "macOS",
        "icon": "fa fa-apple",
        "the_order": 3
    }
},
{
    "model": "resume.operatingsystem",
    "pk": 4,
    "fields": {
        "name": "iOS",
        "icon": "fa fa-mobile",
        "the_order": 4
    }
},
{
    "model": "resume.operatingsystem",
    "pk": 5,
    "fields": {
        "name": "Android",
        "icon": "fa fa-android",
        "the_order": 5
    }
},
{
    "model": "resume.tool",
    "pk": 1,
    "fields": {
        "name": "IntelliJ",
        "icon": "",
        "the_order": 1
    }
},
{
    "model": "resume.tool",
    "pk": 2,
    "fields": {
        "name": "Eclipse",
        "icon": "",
        "the_order": 2
    }
},
{
    "model": "resume.tool",
    "pk": 3,
    "fields": {
        "name": "Visual Studio",
        "icon": "",
        "the_order": 3
    }
},
{
    "model": "resume.tool",
    "pk": 4,
    "fields": {
        "name": "Vim",
        "icon": "",
        "the_order": 4
    }
},
{
    "model": "resume.tool",
    "pk": 5,
    "fields": {
        "name": "Rational Software Modeler",
        "icon": "",
        "the_order": 5
    }
},
{
    "model": "resume.tool",
    "pk": 6,
    "fields": {
        "name": "Rational Software Architect",
        "icon": "",
        "the_order": 6
    }
},
{
    "model": "resume.tool",
    "pk": 7,
    "fields": {
        "name": "Unity",
        "icon": "",
        "the_order": 7
    }
},
{
    "model": "resume.tool",
    "pk": 8,
    "fields": {
        "name": "JDeveloper",
        "icon": "",
        "the_order": 8
    }
},
{
    "model": "resume.tool",
    "pk": 9,
    "fields": {
        "name": "ClearCase",
        "icon": "",
        "the_order": 9
    }
},
{
    "model": "resume.tool",
    "pk": 10,
    "fields": {
        "name": "SQL Server",
        "icon": "",
        "the_order": 10
    }
},
{
    "model": "resume.tool",
    "pk": 11,
    "fields": {
        "name": "Agitator",
        "icon": "",
        "the_order": 11
    }
},
{
    "model": "resume.tool",
    "pk": 12,
    "fields": {
        "name": "Clover",
        "icon": "",
        "the_order": 12
    }
},
{
    "model": "resume.tool",
    "pk": 13,
    "fields": {
        "name": "DOORS",
        "icon": "",
        "the_order": 13
    }
},
{
    "model": "resume.tool",
    "pk": 14,
    "fields": {
        "name": "Solipsys TDF/MSCT",
        "icon": "",
        "the_order": 14
    }
},
{
    "model": "resume.tool",
    "pk": 15,
    "fields": {
        "name": "Klocwork",
        "icon": "",
        "the_order": 15
    }
},
{
    "model": "resume.tool",
    "pk": 16,
    "fields": {
        "name": "EMMA",
        "icon": "",
        "the_order": 16
    }
},
{
    "model": "resume.tool",
    "pk": 17,
    "fields": {
        "name": "WCF",
        "icon": "",
        "the_order": 17
    }
},
{
    "model": "resume.tool",
    "pk": 18,
    "fields": {
        "name": "WPF",
        "icon": "",
        "the_order": 18
    }
},
{
    "model": "resume.tool",
    "pk": 19,
    "fields": {
        "name": "Apache",
        "icon": "",
        "the_order": 19
    }
},
{
    "model": "resume.tool",
    "pk": 20,
    "fields": {
        "name": "LAMP",
        "icon": "",
        "the_order": 20
    }
},
{
    "model": "resume.tool",
    "pk": 21,
    "fields": {
        "name": "WAMP",
        "icon": "",
        "the_order": 21
    }
},
{
    "model": "resume.tool",
    "pk": 22,
    "fields": {
        "name": "ClearQuest",
        "icon": "",
        "the_order": 22
    }
},
{
    "model": "resume.tool",
    "pk": 23,
    "fields": {
        "name": "Lucy",
        "icon": "",
        "the_order": 23
    }
},
{
    "model": "resume.tool",
    "pk": 24,
    "fields": {
        "name": "LuciadMap",
        "icon": "",
        "the_order": 24
    }
},
{
    "model": "resume.tool",
    "pk": 25,
    "fields": {
        "name": "Quick Test Professional",
        "icon": "",
        "the_order": 25
    }
},
{
    "model": "resume.tool",
    "pk": 26,
    "fields": {
        "name": "Oracle",
        "icon": "",
        "the_order": 26
    }
},
{
    "model": "resume.tool",
    "pk": 27,
    "fields": {
        "name": "3D Studio Max",
        "icon": "",
        "the_order": 27
    }
},
{
    "model": "resume.tool",
    "pk": 28,
    "fields": {
        "name": "Siebel Tools",
        "icon": "",
        "the_order": 28
    }
},
{
    "model": "resume.tool",
    "pk": 29,
    "fields": {
        "name": "Ant",
        "icon": "",
        "the_order": 29
    }
},
{
    "model": "resume.tool",
    "pk": 30,
    "fields": {
        "name": "Maven",
        "icon": "",
        "the_order": 30
    }
},
{
    "model": "resume.tool",
    "pk": 31,
    "fields": {
        "name": "Gradle",
        "icon": "",
        "the_order": 31
    }
},
{
    "model": "resume.tool",
    "pk": 32,
    "fields": {
        "name": "Git",
        "icon": "",
        "the_order": 32
    }
},
{
    "model": "resume.tool",
    "pk": 33,
    "fields": {
        "name": "Mercurial",
        "icon": "",
        "the_order": 33
    }
},
{
    "model": "resume.tool",
    "pk": 34,
    "fields": {
        "name": "Bonitasoft",
        "icon": "",
        "the_order": 34
    }
},
{
    "model": "resume.tool",
    "pk": 35,
    "fields": {
        "name": "Lawson",
        "icon": "",
        "the_order": 35
    }
},
{
    "model": "resume.tool",
    "pk": 36,
    "fields": {
        "name": "Hazeltree",
        "icon": "",
        "the_order": 36
    }
},
{
    "model": "resume.certification",
    "pk": 3,
    "fields": {
        "name": "DoD SECRET Clearance",
        "icon": "fa fa-lock",
        "the_order": 1
    }
},
{
    "model": "resume.certification",
    "pk": 4,
    "fields": {
        "name": "Six Sigma",
        "icon": "fa fa-clipboard",
        "the_order": 2
    }
},
{
    "model": "resume.certification",
    "pk": 5,
    "fields": {
        "name": "ScrumMaster",
        "icon": "fa fa-graduation-cap",
        "the_order": 3
    }
},
{
    "model": "resume.certification",
    "pk": 6,
    "fields": {
        "name": "Top 1% on Stack Overflow",
        "icon": "fa fa-stack-overflow",
        "the_order": 4
    }
},
{
    "model": "resume.education",
    "pk": 1,
    "fields": {
        "school": "University of Alabama in Huntsville",
        "degree": "M.S. in Computer Science",
        "location": "Huntsville, AL",
        "gpa": "4.0 / 4.0",
        "graduation_date": "2008",
        "icon": "uah.png",
        "url": "http://www.uah.edu/",
        "the_order": 1,
        "technologies": [
            1,
            2,
            16,
            21,
            11,
            18
        ]
    }
},
{
    "model": "resume.education",
    "pk": 2,
    "fields": {
        "school": "University of Texas at Austin",
        "degree": "B.S. in Computer Science",
        "location": "Austin, TX",
        "gpa": "3.90 / 4.0",
        "graduation_date": "2006",
        "icon": "texas.png",
        "url": "http://www.utexas.edu/",
        "the_order": 2,
        "technologies": [
            1,
            26,
            2,
            3,
            21,
            29,
            30,
            31,
            35
        ]
    }
},
{
    "model": "resume.experience",
    "pk": 1,
    "fields": {
        "company": "Two Sigma Investments",
        "url": "https://www.twosigma.com/",
        "location": "Houston, TX",
        "years": "2012 \u2192 Present",
        "description": "Two Sigma is a hedge fund and technology company that applies rigorous scientific based big data approaches to investment management (think Google meets hedge fund)",
        "title": "Software Engineer",
        "icon": "twosigma.png",
        "the_order": 1,
        "technologies": []
    }
},
{
    "model": "resume.experience",
    "pk": 2,
    "fields": {
        "company": "Intergraph",
        "url": "http://ppm.intergraph.com/",
        "location": "Huntsville, AL",
        "years": "2011 \u2192 2012",
        "description": "Intergraph is a top 100 software company in the world specializing in GIS and image processing applications.",
        "title": "Senior Web Application Software Consultant",
        "icon": "intergraph.png",
        "the_order": 2,
        "technologies": []
    }
},
{
    "model": "resume.experience",
    "pk": 3,
    "fields": {
        "company": "Raytheon",
        "url": "http://www.raytheon.com/",
        "location": "Huntsville, AL",
        "years": "2006 \u2192 2011",
        "description": "Raytheon is the fourth largest U.S. defense contractor and largest producer of guided missiles in the world, specializing in military weapons and commercial electronics.",
        "title": "Senior Software Engineer",
        "icon": "raytheon.png",
        "the_order": 3,
        "technologies": []
    }
},
{
    "model": "resume.experience",
    "pk": 4,
    "fields": {
        "company": "Textron",
        "url": "http://www.textron.com/",
        "location": "Austin, TX",
        "years": "2005 \u2192 2006",
        "description": "Textron is a top 50 Aerospace and Defense company specializing in geospatial solutions.",
        "title": "Software Engineer",
        "icon": "textron.png",
        "the_order": 4,
        "technologies": [
            1,
            4,
            2,
            3,
            16,
            11,
            18,
            12,
            13,
            15,
            17,
            20,
            25,
            57
        ]
    }
},
{
    "model": "resume.experience",
    "pk": 5,
    "fields": {
        "company": "Aspyr",
        "url": "http://www.aspyr.com/",
        "location": "Austin, TX",
        "years": "2005",
        "description": "Aspyr is a video game developer specializing in porting video games to macOS and Linux.",
        "title": "Systems Engineer",
        "icon": "aspyr.png",
        "the_order": 5,
        "technologies": [
            2,
            3,
            9,
            87
        ]
    }
},
{
    "model": "resume.project",
    "pk": 1,
    "fields": {
        "experience": 2,
        "name": "E-Support (Lead)",
        "title": "",
        "description": "E-Support is an Oracle Fusion ADF web application which serves as a customer and employee portal for thousands of users worldwide.",
        "location": "",
        "years": "",
        "icon": "",
        "the_order": 1,
        "technologies": [
            1,
            21,
            6,
            17,
            36,
            37,
            39,
            40,
            79,
            80,
            81
        ]
    }
},
{
    "model": "resume.project",
    "pk": 2,
    "fields": {
        "experience": 2,
        "name": "E-License",
        "title": "",
        "description": "E-License is an ASP.NET MVC 3 web application which allows order and license administration.",
        "location": "",
        "years": "",
        "icon": "",
        "the_order": 2,
        "technologies": [
            4,
            16,
            5,
            8,
            7,
            67,
            82,
            83,
            84
        ]
    }
},
{
    "model": "resume.project",
    "pk": 3,
    "fields": {
        "experience": 3,
        "name": "PMET",
        "title": "",
        "description": "Patriot Multi-Echelon Trainer (PMET) is a simulation training program which incorporates 3D virtualization (video game) technology to teach soldiers how to use and maintain Patriot missile systems.",
        "location": "",
        "years": "2010 \u2192 2011",
        "icon": "",
        "the_order": 3,
        "technologies": [
            4,
            9,
            28,
            41,
            42,
            43,
            44,
            45,
            46
        ]
    }
},
{
    "model": "resume.project",
    "pk": 4,
    "fields": {
        "experience": 3,
        "name": "ACCS Data",
        "title": "",
        "description": "Air Command & Control System Data (ACCS Data) is the Java EE backend data storage for all NATO countries.",
        "location": "Paris, France",
        "years": "2011",
        "icon": "",
        "the_order": 4,
        "technologies": [
            1,
            21,
            12,
            47,
            48,
            49,
            50
        ]
    }
},
{
    "model": "resume.project",
    "pk": 5,
    "fields": {
        "experience": 3,
        "name": "EPOMT (Lead)",
        "title": "",
        "description": "Electronic Patriot Organizational Maintenance Trainer (EPOMT) is a simulation training program for the Japanese Air Force to teach soldiers how to use and maintain Patriot missile systems.",
        "location": "",
        "years": "2010 \u2192 2011",
        "icon": "",
        "the_order": 5,
        "technologies": [
            4,
            8,
            7,
            51
        ]
    }
},
{
    "model": "resume.project",
    "pk": 6,
    "fields": {
        "experience": 3,
        "name": "ACCS GIS",
        "title": "",
        "description": "Air Command & Control System \u2013 Geographic Info System (ACCS GIS) is a NATO command and control application for viewing of non real-time and real-time objects on a situational display.",
        "location": "",
        "years": "2008 \u2192 2010",
        "icon": "",
        "the_order": 6,
        "technologies": [
            1,
            48,
            52,
            53,
            79,
            85,
            86
        ]
    }
},
{
    "model": "resume.project",
    "pk": 7,
    "fields": {
        "experience": 3,
        "name": "SRP MWC",
        "title": null,
        "description": "Surveillance Radar Program \u2013 Missile Warning Center (SRP MWC) is a command and control application for the Taiwan Air Force for early warning of ballistic missile attacks.",
        "location": null,
        "years": "2006 \u2192 2008",
        "icon": null,
        "the_order": 7,
        "technologies": [
            1,
            21,
            10,
            23,
            52,
            54,
            55
        ]
    }
},
{
    "model": "resume.project",
    "pk": 8,
    "fields": {
        "experience": 1,
        "name": "Accounting Engineering (Lead)",
        "title": "",
        "description": "Accounting Engineering is responsible for all the books and records for the firm including fund, investor and regulatory reporting.",
        "location": "",
        "years": "",
        "icon": "",
        "the_order": 8,
        "technologies": [
            1,
            26,
            16,
            21,
            7,
            34,
            11,
            18,
            12,
            15,
            17,
            33,
            35,
            38,
            51,
            67,
            70,
            71,
            72,
            73
        ]
    }
},
{
    "model": "resume.project",
    "pk": 9,
    "fields": {
        "experience": 1,
        "name": "Treasury Engineering (Lead)",
        "title": "",
        "description": "Treasury Engineering is responsible for all incoming and outgoing wire transfers, cash, margin, collateral, and broker management.",
        "location": "",
        "years": "",
        "icon": "",
        "the_order": 9,
        "technologies": [
            1,
            4,
            16,
            21,
            34,
            11,
            18,
            15,
            17,
            33,
            35,
            38,
            66,
            67,
            73
        ]
    }
},
{
    "model": "resume.project",
    "pk": 11,
    "fields": {
        "experience": 1,
        "name": "Corporate Engineering",
        "title": "",
        "description": "Corporate Engineering is responsible for all areas of Middle and Back Office including Operations,\r\nTreasury, Accounting, Regulatory Reporting, Data Services, and Broker Management.",
        "location": "",
        "years": "",
        "icon": "",
        "the_order": 11,
        "technologies": [
            1,
            26,
            21,
            74,
            75,
            76,
            77,
            78
        ]
    }
},
{
    "model": "resume.responsibility",
    "pk": 5,
    "fields": {
        "project": 1,
        "experience": null,
        "software": null,
        "description": "Served as Oracle ADF / Java EE subject matter expert and led all development activities.",
        "the_order": 5
    }
},
{
    "model": "resume.responsibility",
    "pk": 6,
    "fields": {
        "project": 1,
        "experience": null,
        "software": null,
        "description": "Developed web front-end in JSF, AJAX, and ADF Faces.",
        "the_order": 6
    }
},
{
    "model": "resume.responsibility",
    "pk": 7,
    "fields": {
        "project": 1,
        "experience": null,
        "software": null,
        "description": "Developed Java EE back-end in ADF BC, SOAP Web Services, and SQL Server DB.",
        "the_order": 7
    }
},
{
    "model": "resume.responsibility",
    "pk": 8,
    "fields": {
        "project": 1,
        "experience": null,
        "software": null,
        "description": "Implemented Oracle SOA between Oracle Application Server and Siebel Enterprise.",
        "the_order": 8
    }
},
{
    "model": "resume.responsibility",
    "pk": 9,
    "fields": {
        "project": 1,
        "experience": null,
        "software": null,
        "description": "Improved the existing manual build/deploy process that ran in hours to an entirely automated continuous integration process using Ant, JUnit, Cruise Control, & OJDeploy to run in minutes.",
        "the_order": 9
    }
},
{
    "model": "resume.responsibility",
    "pk": 10,
    "fields": {
        "project": 1,
        "experience": null,
        "software": null,
        "description": "Improved proprietary search algorithm to increase search results performance by 75%.",
        "the_order": 10
    }
},
{
    "model": "resume.responsibility",
    "pk": 11,
    "fields": {
        "project": 2,
        "experience": null,
        "software": null,
        "description": "Developed ASP.NET MVC 3 web application using C#, VB, Razor, and JavaScript (jQuery) in an Agile environment using Scrum processes.",
        "the_order": 11
    }
},
{
    "model": "resume.responsibility",
    "pk": 12,
    "fields": {
        "project": 2,
        "experience": null,
        "software": null,
        "description": "Used Test-driven development & MS Test to develop custom key-cutter to automatically generate license keys from order information in Dynamics GP (Great Plains) via BizTalk.",
        "the_order": 12
    }
},
{
    "model": "resume.responsibility",
    "pk": 13,
    "fields": {
        "project": 3,
        "experience": null,
        "software": null,
        "description": "Developed 3D virtualization environment utilizing the XNA game engine and C# .NET.",
        "the_order": 13
    }
},
{
    "model": "resume.responsibility",
    "pk": 14,
    "fields": {
        "project": 3,
        "experience": null,
        "software": null,
        "description": "Produced mobile iPhone & iPad iOS 3D virtual application using Unity 3D, and developed web server back-end in Ruby on Rails which provided soldiers with training assistance and situational awareness.",
        "the_order": 14
    }
},
{
    "model": "resume.responsibility",
    "pk": 15,
    "fields": {
        "project": 3,
        "experience": null,
        "software": null,
        "description": "Worked directly with Army customers at Fort Sill, OK and Boston, MA to gather requirements and evaluate future customer needs.",
        "the_order": 15
    }
},
{
    "model": "resume.responsibility",
    "pk": 16,
    "fields": {
        "project": 3,
        "experience": null,
        "software": null,
        "description": "Worked with studio design team in San Francisco, CA to translate high-resolution photographs into a 3D-model using 3D Studio Max and a custom content pipeline.",
        "the_order": 16
    }
},
{
    "model": "resume.responsibility",
    "pk": 17,
    "fields": {
        "project": 4,
        "experience": null,
        "software": null,
        "description": "Filled a critical Java EE need by completing a 6-month assignment in Paris, France.",
        "the_order": 17
    }
},
{
    "model": "resume.responsibility",
    "pk": 18,
    "fields": {
        "project": 4,
        "experience": null,
        "software": null,
        "description": "Performed back-end Java development and wrote server side business logic atop a proprietary object-relational mapping and container-managed persistence framework deployed on a WebLogic application server.",
        "the_order": 18
    }
},
{
    "model": "resume.responsibility",
    "pk": 19,
    "fields": {
        "project": 4,
        "experience": null,
        "software": null,
        "description": "Worked alongside French and American software engineers to develop an n-tier Client/Server Java EE application utilizing EJB and XML run on a Solaris server.",
        "the_order": 19
    }
},
{
    "model": "resume.responsibility",
    "pk": 20,
    "fields": {
        "project": 5,
        "experience": null,
        "software": null,
        "description": "Led EPOMT software team of seven engineers, as well as oversaw all design, integration, testing, and successful delivery to customer in Hamamatsu, Japan.",
        "the_order": 20
    }
},
{
    "model": "resume.responsibility",
    "pk": 21,
    "fields": {
        "project": 5,
        "experience": null,
        "software": null,
        "description": "Developed training simulation application in VB.NET to run on an RT3 Windows 7 machine.",
        "the_order": 21
    }
},
{
    "model": "resume.responsibility",
    "pk": 22,
    "fields": {
        "project": 5,
        "experience": null,
        "software": null,
        "description": "Wrote data access layer to connect VB.NET to a Microsoft Access database using ODBC.",
        "the_order": 22
    }
},
{
    "model": "resume.responsibility",
    "pk": 23,
    "fields": {
        "project": 5,
        "experience": null,
        "software": null,
        "description": "Administered ClearCase source control database, executed merges, and ran nightly team builds.",
        "the_order": 23
    }
},
{
    "model": "resume.responsibility",
    "pk": 24,
    "fields": {
        "project": 6,
        "experience": null,
        "software": null,
        "description": "Developed Java code products for the GIS by utilizing Luciad Map framework using MVC architecture to develop specialized map functions, custom controllers, and layer management.",
        "the_order": 24
    }
},
{
    "model": "resume.responsibility",
    "pk": 25,
    "fields": {
        "project": 6,
        "experience": null,
        "software": null,
        "description": "Executed unit test, software and system integration in Huntsville, AL, and Los Angeles, CA.",
        "the_order": 25
    }
},
{
    "model": "resume.responsibility",
    "pk": 26,
    "fields": {
        "project": 6,
        "experience": null,
        "software": null,
        "description": "Developed unified configuration and testing plan for the software team to encompass the build process, unit testing, and static code analysis (Klocwork and EMMA).",
        "the_order": 26
    }
},
{
    "model": "resume.responsibility",
    "pk": 27,
    "fields": {
        "project": 7,
        "experience": null,
        "software": null,
        "description": "Developed Java components for all Battle Planner related modules using OOA/D principles.",
        "the_order": 27
    }
},
{
    "model": "resume.responsibility",
    "pk": 28,
    "fields": {
        "project": 7,
        "experience": null,
        "software": null,
        "description": "Implemented drawing of objects on a real-time map via a Solipsys Tactical Display Framework.",
        "the_order": 28
    }
},
{
    "model": "resume.responsibility",
    "pk": 29,
    "fields": {
        "project": 7,
        "experience": null,
        "software": null,
        "description": "Utilized Model Driven Architecture (MDA) by writing platform independent PathMATE action language and creating UML models for use in automatic Java code generation.",
        "the_order": 29
    }
},
{
    "model": "resume.responsibility",
    "pk": 30,
    "fields": {
        "project": 7,
        "experience": null,
        "software": null,
        "description": "Designed data model, produced data services utilizing JDBC, and provided administration for a Relational PostgreSQL Database run on a Linux server.",
        "the_order": 30
    }
},
{
    "model": "resume.responsibility",
    "pk": 31,
    "fields": {
        "project": 7,
        "experience": null,
        "software": null,
        "description": "Unit and integration tested software using an automated test generation application (Agitator) and an automated GUI testing tool (Quick Test Professional).",
        "the_order": 31
    }
},
{
    "model": "resume.responsibility",
    "pk": 32,
    "fields": {
        "project": 7,
        "experience": null,
        "software": null,
        "description": "Traced bi-directional requirements to software in a requirements management tool (DOORS).",
        "the_order": 32
    }
},
{
    "model": "resume.responsibility",
    "pk": 33,
    "fields": {
        "project": 7,
        "experience": null,
        "software": null,
        "description": "Conducted tactical demonstrations of MWC software for Air Force generals in Taipei, Taiwan.",
        "the_order": 33
    }
},
{
    "model": "resume.responsibility",
    "pk": 34,
    "fields": {
        "project": null,
        "experience": 4,
        "software": null,
        "description": "Developed RESTful web services that processed retrieve and response requests for a data distribution system to synchronize real-time mission data across a distributed network for mission planning and battle management using Java, XML, and JSON.",
        "the_order": 34
    }
},
{
    "model": "resume.responsibility",
    "pk": 35,
    "fields": {
        "project": null,
        "experience": 4,
        "software": null,
        "description": "Designed, developed, and maintained a company website using JavaScript, AJAX, CSS, XHTML, PHP, and MySQL.",
        "the_order": 35
    }
},
{
    "model": "resume.responsibility",
    "pk": 36,
    "fields": {
        "project": null,
        "experience": 4,
        "software": null,
        "description": "Installed, configured, and administered a Linux web server running Apache, PHP, and MySQL.",
        "the_order": 36
    }
},
{
    "model": "resume.responsibility",
    "pk": 37,
    "fields": {
        "project": null,
        "experience": 4,
        "software": null,
        "description": "Extended a tactical GIS application in C/C++ and C# .NET used for mission planning.",
        "the_order": 37
    }
},
{
    "model": "resume.responsibility",
    "pk": 38,
    "fields": {
        "project": null,
        "experience": 5,
        "software": null,
        "description": "Created and ran test suites using a proprietary testing framework for \"Stubbs the Zombie\" (<a target=\"_blank\" href=\"http://www.imdb.com/title/tt0498128/fullcredits?ref_=tt_cl_sm#cast\">credited</a>), a game for Windows, Mac, and X-Box written in C/C++ utilizing the Halo game engine.",
        "the_order": 38
    }
},
{
    "model": "resume.responsibility",
    "pk": 39,
    "fields": {
        "project": null,
        "experience": 5,
        "software": null,
        "description": "Won the \u201cBest Bug\u201d award for \"Stubbs the Zombie\".",
        "the_order": 39
    }
},
{
    "model": "resume.responsibility",
    "pk": 40,
    "fields": {
        "project": null,
        "experience": 5,
        "software": null,
        "description": "Implemented bug fixes in C++ to enhance on-demand caching and collision detection.",
        "the_order": 40
    }
},
{
    "model": "resume.responsibility",
    "pk": 41,
    "fields": {
        "project": null,
        "experience": 5,
        "software": null,
        "description": "Created and ported various Windows applications to the Mac using Objective-C and Cocoa.",
        "the_order": 41
    }
},
{
    "model": "resume.responsibility",
    "pk": 42,
    "fields": {
        "project": null,
        "experience": null,
        "software": 1,
        "description": "Designed and developed the entire extension in JavaScript and JSON.",
        "the_order": 42
    }
},
{
    "model": "resume.responsibility",
    "pk": 43,
    "fields": {
        "project": null,
        "experience": null,
        "software": 2,
        "description": "Designed and developed the entire website in HTML, CSS, JavaScript, and PHP.",
        "the_order": 43
    }
},
{
    "model": "resume.responsibility",
    "pk": 44,
    "fields": {
        "project": null,
        "experience": null,
        "software": 2,
        "description": "Maintained and updated the site to keep up with new customer requirements such as adding sitter and family applications, contact forms, and dynamically integrating customer reviews.",
        "the_order": 44
    }
},
{
    "model": "resume.responsibility",
    "pk": 45,
    "fields": {
        "project": null,
        "experience": null,
        "software": 1,
        "description": "<a target=\"_blank\" href=\"https://chrome.google.com/webstore/detail/askcom-search-extension/eifpckadbbkedodfeiddebnfelpldnab?hl=en-US&gl=US\">Chrome Extension</a>",
        "the_order": 46
    }
},
{
    "model": "resume.responsibility",
    "pk": 46,
    "fields": {
        "project": null,
        "experience": null,
        "software": 1,
        "description": "<a target=\"_blank\" href=\"https://addons.mozilla.org/en-US/firefox/addon/ask-com-search-extension/\">Firefox Extension</a>",
        "the_order": 47
    }
},
{
    "model": "resume.responsibility",
    "pk": 47,
    "fields": {
        "project": null,
        "experience": null,
        "software": 1,
        "description": "<a target=\"_blank\" href=\"https://github.com/nickweseman/ask-chrome-opera-firefox-extension\">Opera Extension</a>",
        "the_order": 48
    }
},
{
    "model": "resume.responsibility",
    "pk": 48,
    "fields": {
        "project": null,
        "experience": null,
        "software": 1,
        "description": "<a target=\"_blank\" href=\"https://github.com/nickweseman/ask-edge-extension\">Microsoft Edge Extension</a>",
        "the_order": 49
    }
},
{
    "model": "resume.responsibility",
    "pk": 49,
    "fields": {
        "project": null,
        "experience": null,
        "software": 3,
        "description": "<a target=\"_blank\" href=\"https://chrome.google.com/webstore/detail/robotman/cjpdlmjbocfbhjgdpmfkcphkacmighmb?hl=en-US&gl=US\">Chrome Extension</a>",
        "the_order": 52
    }
},
{
    "model": "resume.responsibility",
    "pk": 50,
    "fields": {
        "project": null,
        "experience": null,
        "software": 3,
        "description": "<a target=\"_blank\" href=\"https://github.com/nickweseman/robotman\">Firefox Extension</a>",
        "the_order": 53
    }
},
{
    "model": "resume.responsibility",
    "pk": 51,
    "fields": {
        "project": null,
        "experience": null,
        "software": 3,
        "description": "<a target=\"_blank\" href=\"https://addons.opera.com/en/extensions/details/robotman/?display=en\">Opera Extension</a>",
        "the_order": 54
    }
},
{
    "model": "resume.responsibility",
    "pk": 52,
    "fields": {
        "project": null,
        "experience": null,
        "software": 3,
        "description": "Designed and developed the entire extension in JavaScript, HTML 5, CSS, and JSON.",
        "the_order": 50
    }
},
{
    "model": "resume.responsibility",
    "pk": 53,
    "fields": {
        "project": null,
        "experience": null,
        "software": 4,
        "description": "Open Source Contributor adding python enhancements, improving documentation generated in Sphinx, adding additional python tests and increasing existing code coverage.",
        "the_order": 55
    }
},
{
    "model": "resume.responsibility",
    "pk": 54,
    "fields": {
        "project": null,
        "experience": null,
        "software": 4,
        "description": "Implemented and tested a new alias feature for magic functions with parameters which allows users to alias magic functions with attached parameters, just as you would in a linux shell.  Additional parameters can also be dynamically added at runtime.",
        "the_order": 56
    }
},
{
    "model": "resume.responsibility",
    "pk": 55,
    "fields": {
        "project": null,
        "experience": null,
        "software": 1,
        "description": "Over 2,000 downloads to date.",
        "the_order": 45
    }
},
{
    "model": "resume.responsibility",
    "pk": 56,
    "fields": {
        "project": null,
        "experience": null,
        "software": 5,
        "description": "Created UI design based on Bootstrap Freelancer with dynamic JavaScript elements such as a top navigation bar that collapses/expands, dynamic highlighting navigation elements with Scrollspy, and minimize/maximize section capabilities.",
        "the_order": 57
    }
},
{
    "model": "resume.responsibility",
    "pk": 57,
    "fields": {
        "project": null,
        "experience": null,
        "software": 5,
        "description": "Added custom CSS in LESS with Font Awesome icons and responsive design based on window size including mobile browsers.",
        "the_order": 58
    }
},
{
    "model": "resume.responsibility",
    "pk": 58,
    "fields": {
        "project": null,
        "experience": null,
        "software": 5,
        "description": "Created a Django web app in python that connects to a My SQL (Production) or SQLite (Dev) database.",
        "the_order": 59
    }
},
{
    "model": "resume.responsibility",
    "pk": 59,
    "fields": {
        "project": null,
        "experience": null,
        "software": 5,
        "description": "Designed custom administration portal with advanced sorting/filtering including authentication.  This allows dynamic code and sql script generation to be managed in an easy-to-use web UI.",
        "the_order": 60
    }
},
{
    "model": "resume.responsibility",
    "pk": 60,
    "fields": {
        "project": null,
        "experience": null,
        "software": 3,
        "description": "Designed custom JavaScript game engine which draws on an HTML 5 canvas with infinite scrolling.",
        "the_order": 51
    }
},
{
    "model": "resume.responsibility",
    "pk": 61,
    "fields": {
        "project": 8,
        "experience": null,
        "software": null,
        "description": "Serve as ScrumMaster for a Java project to completely rewrite the monthly reapportionment process including processing subscriptions/redemptions, fee crystallization, and dividends.",
        "the_order": 61
    }
},
{
    "model": "resume.responsibility",
    "pk": 62,
    "fields": {
        "project": 8,
        "experience": null,
        "software": null,
        "description": "Create a front-end web app written in AngularJS to generate participation interest statements.",
        "the_order": 62
    }
},
{
    "model": "resume.responsibility",
    "pk": 63,
    "fields": {
        "project": 8,
        "experience": null,
        "software": null,
        "description": "Design and implement a process to automatically generate quarterly regulatory filings using Java, JAXB, and XJC turning a manual process requiring 2 people for 1 week into seconds.",
        "the_order": 63
    }
},
{
    "model": "resume.responsibility",
    "pk": 64,
    "fields": {
        "project": 8,
        "experience": null,
        "software": null,
        "description": "Develop a reconciliation framework in Python and pandas that turns a manual reconciliation process into an exception-based automatic process saving 10 hours every month.",
        "the_order": 64
    }
},
{
    "model": "resume.responsibility",
    "pk": 65,
    "fields": {
        "project": 8,
        "experience": null,
        "software": null,
        "description": "Implement a workflow in Bonitasoft using Groovy and SQL for automatic payment processing.",
        "the_order": 65
    }
},
{
    "model": "resume.responsibility",
    "pk": 66,
    "fields": {
        "project": 8,
        "experience": null,
        "software": null,
        "description": "Create automated process to interact with Lawson GL to generate and automatically reconcile all incoming and outgoing ACH, check, and wire transfers replacing a manual daily process requiring multiple people for hundreds of transactions a day.",
        "the_order": 66
    }
},
{
    "model": "resume.responsibility",
    "pk": 67,
    "fields": {
        "project": 9,
        "experience": null,
        "software": null,
        "description": "Developed an automatic configuration-based data import framework using Java and Clojure which downloads thousands of files via SFTP and transforms them into a SQL Server database.",
        "the_order": 67
    }
},
{
    "model": "resume.responsibility",
    "pk": 68,
    "fields": {
        "project": 9,
        "experience": null,
        "software": null,
        "description": "Constructed a custom Windows Authentication Provider in C# using cross-forest domain trusts greatly improving security by forcing all wire transactions to flow through a separate domain.",
        "the_order": 68
    }
},
{
    "model": "resume.responsibility",
    "pk": 69,
    "fields": {
        "project": 9,
        "experience": null,
        "software": null,
        "description": "Automated custom margin management and portfolio rebalancing system in VBA and SQL.",
        "the_order": 69
    }
},
{
    "model": "resume.responsibility",
    "pk": 70,
    "fields": {
        "project": 9,
        "experience": null,
        "software": null,
        "description": "Created treasury management solution in Java and Clojure using Hazeltree which provides automated cash, collateral, counterparty, and margin management.",
        "the_order": 70
    }
},
{
    "model": "resume.responsibility",
    "pk": 71,
    "fields": {
        "project": 11,
        "experience": null,
        "software": null,
        "description": "Built a set of RESTful web services in Java, Jetty, Jackson, Guice, Hibernate, and Jersey that provided the \u201cgolden\u201d source of data for balance sheet and income statement data to all groups in the firm replacing hundreds of disparate manual files and database tables.",
        "the_order": 71
    }
},
{
    "model": "resume.responsibility",
    "pk": 72,
    "fields": {
        "project": 11,
        "experience": null,
        "software": null,
        "description": "Developed proprietary trading models in Python using core, high frequency trading, and market making techniques which aimed to capitalize on irrational differences in the bid-ask spread.",
        "the_order": 72
    }
},
{
    "model": "resume.software",
    "pk": 1,
    "fields": {
        "name": "Ask.com Search Extension",
        "date": "2017",
        "description": "A Web Browser Extension that searches Ask.com for a given phrase based on the selected text and an action in the context menu.",
        "icon": "ask.png",
        "url": "https://chrome.google.com/webstore/detail/askcom-search-extension/eifpckadbbkedodfeiddebnfelpldnab",
        "github_url": "https://github.com/nickweseman/ask-chrome-opera-extension",
        "the_order": 3,
        "technologies": [
            16,
            15,
            58,
            59,
            60,
            61
        ]
    }
},
{
    "model": "resume.software",
    "pk": 2,
    "fields": {
        "name": "Rocket City Sitters",
        "date": "2009 \u2192 2012",
        "description": "Rocket City Sitters was a babysitting service that provided experienced, certified sitters with families in the Huntsville, AL area.",
        "icon": "rcs.png",
        "url": "static/img/rcs_homepage.png",
        "github_url": "https://github.com/nickweseman/rocketcitysitters",
        "the_order": 5,
        "technologies": [
            16,
            11,
            18,
            20
        ]
    }
},
{
    "model": "resume.software",
    "pk": 3,
    "fields": {
        "name": "Robotman",
        "date": "2017",
        "description": "A JavaScript game inspired by flappy bird where you help a robot navigate through obstacles with increasing difficulty.",
        "icon": "robotman.png",
        "url": "https://chrome.google.com/webstore/detail/robotman/cjpdlmjbocfbhjgdpmfkcphkacmighmb?hl=en-US&gl=US",
        "github_url": "https://github.com/nickweseman/robotman",
        "the_order": 2,
        "technologies": [
            16,
            11,
            18,
            15,
            58,
            59,
            61
        ]
    }
},
{
    "model": "resume.software",
    "pk": 4,
    "fields": {
        "name": "IPython",
        "date": "2017",
        "description": "IPython (Interactive Python) provides a powerful interactive shell that acts as a kernel for Jupyter and supports interactive data visualization.",
        "icon": "ipython.png",
        "url": "https://ipython.org/",
        "github_url": "https://github.com/ipython/ipython",
        "the_order": 1,
        "technologies": [
            26,
            62,
            63,
            64
        ]
    }
},
{
    "model": "resume.software",
    "pk": 5,
    "fields": {
        "name": "Professional Resume Website",
        "date": "2017",
        "description": "Modern and responsive professional website with an HTML, CSS (LESS), and JavaScript front-end and Django and MySQL backend.",
        "icon": "resume_website.png",
        "url": ".",
        "github_url": "https://github.com/nickweseman/djangoresume",
        "the_order": 4,
        "technologies": [
            26,
            16,
            21,
            11,
            18,
            15,
            19,
            25,
            66,
            67,
            68,
            69
        ]
    }
},
{
    "model": "resume.contact",
    "pk": 1,
    "fields": {
        "email": "&#110;&#105;&#099;&#107;&#119;&#101;&#115;&#101;&#109;&#097;&#110;&#064;&#121;&#097;&#104;&#111;&#111;&#046;&#099;&#111;&#109;",
        "the_order": 1
    }
},
{
    "model": "admin.logentry",
    "pk": 1,
    "fields": {
        "action_time": "2017-04-23T21:47:14.533Z",
        "user": 1,
        "content_type": 12,
        "object_id": "1",
        "object_repr": "Profile object",
        "action_flag": 1,
        "change_message": "[{\"added\": {}}]"
    }
},
{
    "model": "admin.logentry",
    "pk": 2,
    "fields": {
        "action_time": "2017-04-23T21:54:21.514Z",
        "user": 1,
        "content_type": 12,
        "object_id": "2",
        "object_repr": "Profile object",
        "action_flag": 1,
        "change_message": "[{\"added\": {}}]"
    }
},
{
    "model": "admin.logentry",
    "pk": 3,
    "fields": {
        "action_time": "2017-04-23T21:57:11.471Z",
        "user": 1,
        "content_type": 12,
        "object_id": "3",
        "object_repr": "Profile object",
        "action_flag": 1,
        "change_message": "[{\"added\": {}}]"
    }
},
{
    "model": "admin.logentry",
    "pk": 4,
    "fields": {
        "action_time": "2017-04-23T21:59:09.177Z",
        "user": 1,
        "content_type": 16,
        "object_id": "1",
        "object_repr": "Subject object",
        "action_flag": 1,
        "change_message": "[{\"added\": {}}]"
    }
},
{
    "model": "admin.logentry",
    "pk": 5,
    "fields": {
        "action_time": "2017-04-23T22:01:07.311Z",
        "user": 1,
        "content_type": 16,
        "object_id": "2",
        "object_repr": "Subject object",
        "action_flag": 1,
        "change_message": "[{\"added\": {}}]"
    }
},
{
    "model": "admin.logentry",
    "pk": 6,
    "fields": {
        "action_time": "2017-04-23T22:02:09.301Z",
        "user": 1,
        "content_type": 16,
        "object_id": "3",
        "object_repr": "Subject object",
        "action_flag": 1,
        "change_message": "[{\"added\": {}}]"
    }
},
{
    "model": "admin.logentry",
    "pk": 7,
    "fields": {
        "action_time": "2017-04-23T22:02:31.127Z",
        "user": 1,
        "content_type": 16,
        "object_id": "4",
        "object_repr": "Subject object",
        "action_flag": 1,
        "change_message": "[{\"added\": {}}]"
    }
},
{
    "model": "admin.logentry",
    "pk": 8,
    "fields": {
        "action_time": "2017-04-23T22:04:12.318Z",
        "user": 1,
        "content_type": 16,
        "object_id": "5",
        "object_repr": "Subject object",
        "action_flag": 1,
        "change_message": "[{\"added\": {}}]"
    }
},
{
    "model": "admin.logentry",
    "pk": 9,
    "fields": {
        "action_time": "2017-04-23T22:05:55.074Z",
        "user": 1,
        "content_type": 16,
        "object_id": "6",
        "object_repr": "Subject object",
        "action_flag": 1,
        "change_message": "[{\"added\": {}}]"
    }
},
{
    "model": "admin.logentry",
    "pk": 10,
    "fields": {
        "action_time": "2017-04-23T22:08:28.120Z",
        "user": 1,
        "content_type": 16,
        "object_id": "4",
        "object_repr": "Subject object",
        "action_flag": 2,
        "change_message": "[{\"changed\": {\"fields\": [\"name\"]}}]"
    }
},
{
    "model": "admin.logentry",
    "pk": 11,
    "fields": {
        "action_time": "2017-04-23T22:08:36.593Z",
        "user": 1,
        "content_type": 16,
        "object_id": "5",
        "object_repr": "Subject object",
        "action_flag": 2,
        "change_message": "[{\"changed\": {\"fields\": [\"name\"]}}]"
    }
},
{
    "model": "admin.logentry",
    "pk": 12,
    "fields": {
        "action_time": "2017-04-23T22:08:42.754Z",
        "user": 1,
        "content_type": 16,
        "object_id": "4",
        "object_repr": "Subject object",
        "action_flag": 2,
        "change_message": "[]"
    }
},
{
    "model": "admin.logentry",
    "pk": 13,
    "fields": {
        "action_time": "2017-04-23T22:08:50.877Z",
        "user": 1,
        "content_type": 16,
        "object_id": "7",
        "object_repr": "Subject object",
        "action_flag": 1,
        "change_message": "[{\"added\": {}}]"
    }
},
{
    "model": "admin.logentry",
    "pk": 14,
    "fields": {
        "action_time": "2017-04-23T23:01:39.281Z",
        "user": 1,
        "content_type": 7,
        "object_id": "1",
        "object_repr": "blank",
        "action_flag": 1,
        "change_message": "[{\"added\": {}}]"
    }
},
{
    "model": "admin.logentry",
    "pk": 15,
    "fields": {
        "action_time": "2017-04-23T23:01:42.752Z",
        "user": 1,
        "content_type": 7,
        "object_id": "2",
        "object_repr": "blank2",
        "action_flag": 1,
        "change_message": "[{\"added\": {}}]"
    }
},
{
    "model": "admin.logentry",
    "pk": 16,
    "fields": {
        "action_time": "2017-04-23T23:07:19.329Z",
        "user": 1,
        "content_type": 11,
        "object_id": "1",
        "object_repr": "Windows",
        "action_flag": 1,
        "change_message": "[{\"added\": {}}]"
    }
},
{
    "model": "admin.logentry",
    "pk": 17,
    "fields": {
        "action_time": "2017-04-23T23:07:26.273Z",
        "user": 1,
        "content_type": 11,
        "object_id": "2",
        "object_repr": "Linux / Unix",
        "action_flag": 1,
        "change_message": "[{\"added\": {}}]"
    }
},
{
    "model": "admin.logentry",
    "pk": 18,
    "fields": {
        "action_time": "2017-04-23T23:07:33.064Z",
        "user": 1,
        "content_type": 11,
        "object_id": "3",
        "object_repr": "macOS",
        "action_flag": 1,
        "change_message": "[{\"added\": {}}]"
    }
},
{
    "model": "admin.logentry",
    "pk": 19,
    "fields": {
        "action_time": "2017-04-23T23:07:40.037Z",
        "user": 1,
        "content_type": 11,
        "object_id": "4",
        "object_repr": "ios",
        "action_flag": 1,
        "change_message": "[{\"added\": {}}]"
    }
},
{
    "model": "admin.logentry",
    "pk": 20,
    "fields": {
        "action_time": "2017-04-23T23:07:43.441Z",
        "user": 1,
        "content_type": 11,
        "object_id": "5",
        "object_repr": "android",
        "action_flag": 1,
        "change_message": "[{\"added\": {}}]"
    }
},
{
    "model": "admin.logentry",
    "pk": 21,
    "fields": {
        "action_time": "2017-04-23T23:10:09.827Z",
        "user": 1,
        "content_type": 11,
        "object_id": "5",
        "object_repr": "Android",
        "action_flag": 2,
        "change_message": "[{\"changed\": {\"fields\": [\"name\"]}}]"
    }
},
{
    "model": "admin.logentry",
    "pk": 22,
    "fields": {
        "action_time": "2017-04-23T23:13:34.118Z",
        "user": 1,
        "content_type": 11,
        "object_id": "1",
        "object_repr": "Windows",
        "action_flag": 2,
        "change_message": "[{\"changed\": {\"fields\": [\"icon\"]}}]"
    }
},
{
    "model": "admin.logentry",
    "pk": 23,
    "fields": {
        "action_time": "2017-04-23T23:13:48.242Z",
        "user": 1,
        "content_type": 11,
        "object_id": "2",
        "object_repr": "Linux / Unix",
        "action_flag": 2,
        "change_message": "[{\"changed\": {\"fields\": [\"icon\"]}}]"
    }
},
{
    "model": "admin.logentry",
    "pk": 24,
    "fields": {
        "action_time": "2017-04-23T23:14:06.806Z",
        "user": 1,
        "content_type": 11,
        "object_id": "3",
        "object_repr": "macOS",
        "action_flag": 2,
        "change_message": "[{\"changed\": {\"fields\": [\"icon\"]}}]"
    }
},
{
    "model": "admin.logentry",
    "pk": 25,
    "fields": {
        "action_time": "2017-04-23T23:14:22.470Z",
        "user": 1,
        "content_type": 11,
        "object_id": "4",
        "object_repr": "ios",
        "action_flag": 2,
        "change_message": "[{\"changed\": {\"fields\": [\"icon\"]}}]"
    }
},
{
    "model": "admin.logentry",
    "pk": 26,
    "fields": {
        "action_time": "2017-04-23T23:14:35.689Z",
        "user": 1,
        "content_type": 11,
        "object_id": "5",
        "object_repr": "Android",
        "action_flag": 2,
        "change_message": "[{\"changed\": {\"fields\": [\"icon\"]}}]"
    }
},
{
    "model": "admin.logentry",
    "pk": 27,
    "fields": {
        "action_time": "2017-04-23T23:16:33.802Z",
        "user": 1,
        "content_type": 7,
        "object_id": "2",
        "object_repr": "blank2",
        "action_flag": 3,
        "change_message": ""
    }
},
{
    "model": "admin.logentry",
    "pk": 28,
    "fields": {
        "action_time": "2017-04-23T23:16:33.810Z",
        "user": 1,
        "content_type": 7,
        "object_id": "1",
        "object_repr": "blank",
        "action_flag": 3,
        "change_message": ""
    }
},
{
    "model": "admin.logentry",
    "pk": 29,
    "fields": {
        "action_time": "2017-04-23T23:16:47.929Z",
        "user": 1,
        "content_type": 7,
        "object_id": "3",
        "object_repr": "DoD SECRET Security Clearance",
        "action_flag": 1,
        "change_message": "[{\"added\": {}}]"
    }
},
{
    "model": "admin.logentry",
    "pk": 30,
    "fields": {
        "action_time": "2017-04-23T23:19:19.719Z",
        "user": 1,
        "content_type": 7,
        "object_id": "4",
        "object_repr": "Six Sigma",
        "action_flag": 1,
        "change_message": "[{\"added\": {}}]"
    }
},
{
    "model": "admin.logentry",
    "pk": 31,
    "fields": {
        "action_time": "2017-04-23T23:20:04.690Z",
        "user": 1,
        "content_type": 7,
        "object_id": "5",
        "object_repr": "Scrum Master",
        "action_flag": 1,
        "change_message": "[{\"added\": {}}]"
    }
},
{
    "model": "admin.logentry",
    "pk": 32,
    "fields": {
        "action_time": "2017-04-23T23:21:41.982Z",
        "user": 1,
        "content_type": 7,
        "object_id": "3",
        "object_repr": "DoD SECRET Clearance",
        "action_flag": 2,
        "change_message": "[{\"changed\": {\"fields\": [\"name\"]}}]"
    }
},
{
    "model": "admin.logentry",
    "pk": 33,
    "fields": {
        "action_time": "2017-04-23T23:51:52.014Z",
        "user": 1,
        "content_type": 16,
        "object_id": "4",
        "object_repr": "Mobile Development",
        "action_flag": 2,
        "change_message": "[{\"changed\": {\"fields\": [\"name\"]}}]"
    }
},
{
    "model": "admin.logentry",
    "pk": 34,
    "fields": {
        "action_time": "2017-04-23T23:52:00.166Z",
        "user": 1,
        "content_type": 16,
        "object_id": "7",
        "object_repr": "Android",
        "action_flag": 3,
        "change_message": ""
    }
},
{
    "model": "admin.logentry",
    "pk": 35,
    "fields": {
        "action_time": "2017-04-23T23:54:36.809Z",
        "user": 1,
        "content_type": 10,
        "object_id": "1",
        "object_repr": "Language object",
        "action_flag": 1,
        "change_message": "[{\"added\": {}}]"
    }
},
{
    "model": "admin.logentry",
    "pk": 36,
    "fields": {
        "action_time": "2017-04-24T02:13:41.411Z",
        "user": 1,
        "content_type": 10,
        "object_id": "1",
        "object_repr": "Language object",
        "action_flag": 3,
        "change_message": ""
    }
},
{
    "model": "admin.logentry",
    "pk": 37,
    "fields": {
        "action_time": "2017-04-24T02:13:46.973Z",
        "user": 1,
        "content_type": 10,
        "object_id": "1",
        "object_repr": "Language object",
        "action_flag": 1,
        "change_message": "[{\"added\": {}}]"
    }
},
{
    "model": "admin.logentry",
    "pk": 38,
    "fields": {
        "action_time": "2017-04-24T02:20:22.843Z",
        "user": 1,
        "content_type": 17,
        "object_id": "2",
        "object_repr": "C++",
        "action_flag": 1,
        "change_message": "[{\"added\": {}}]"
    }
},
{
    "model": "admin.logentry",
    "pk": 39,
    "fields": {
        "action_time": "2017-04-24T02:20:32.115Z",
        "user": 1,
        "content_type": 17,
        "object_id": "3",
        "object_repr": "C",
        "action_flag": 1,
        "change_message": "[{\"added\": {}}]"
    }
},
{
    "model": "admin.logentry",
    "pk": 40,
    "fields": {
        "action_time": "2017-04-24T02:20:37.751Z",
        "user": 1,
        "content_type": 17,
        "object_id": "4",
        "object_repr": "C# .NET",
        "action_flag": 1,
        "change_message": "[{\"added\": {}}]"
    }
},
{
    "model": "admin.logentry",
    "pk": 41,
    "fields": {
        "action_time": "2017-04-24T02:20:41.910Z",
        "user": 1,
        "content_type": 17,
        "object_id": "5",
        "object_repr": "ASP.NET",
        "action_flag": 1,
        "change_message": "[{\"added\": {}}]"
    }
},
{
    "model": "admin.logentry",
    "pk": 42,
    "fields": {
        "action_time": "2017-04-24T02:21:12.055Z",
        "user": 1,
        "content_type": 17,
        "object_id": "6",
        "object_repr": "Oracle ADF 10g/11g",
        "action_flag": 1,
        "change_message": "[{\"added\": {}}]"
    }
},
{
    "model": "admin.logentry",
    "pk": 43,
    "fields": {
        "action_time": "2017-04-24T02:21:25.646Z",
        "user": 1,
        "content_type": 17,
        "object_id": "7",
        "object_repr": "Visual Basic 6",
        "action_flag": 1,
        "change_message": "[{\"added\": {}}]"
    }
},
{
    "model": "admin.logentry",
    "pk": 44,
    "fields": {
        "action_time": "2017-04-24T02:21:30.110Z",
        "user": 1,
        "content_type": 17,
        "object_id": "8",
        "object_repr": "Visual Basic .NET",
        "action_flag": 1,
        "change_message": "[{\"added\": {}}]"
    }
},
{
    "model": "admin.logentry",
    "pk": 45,
    "fields": {
        "action_time": "2017-04-24T02:21:35.659Z",
        "user": 1,
        "content_type": 17,
        "object_id": "9",
        "object_repr": "Objective-C",
        "action_flag": 1,
        "change_message": "[{\"added\": {}}]"
    }
},
{
    "model": "admin.logentry",
    "pk": 46,
    "fields": {
        "action_time": "2017-04-24T02:21:38.567Z",
        "user": 1,
        "content_type": 17,
        "object_id": "10",
        "object_repr": "UML",
        "action_flag": 1,
        "change_message": "[{\"added\": {}}]"
    }
},
{
    "model": "admin.logentry",
    "pk": 47,
    "fields": {
        "action_time": "2017-04-24T02:21:42.102Z",
        "user": 1,
        "content_type": 17,
        "object_id": "11",
        "object_repr": "HTML",
        "action_flag": 1,
        "change_message": "[{\"added\": {}}]"
    }
},
{
    "model": "admin.logentry",
    "pk": 48,
    "fields": {
        "action_time": "2017-04-24T02:21:46.106Z",
        "user": 1,
        "content_type": 17,
        "object_id": "12",
        "object_repr": "XML",
        "action_flag": 1,
        "change_message": "[{\"added\": {}}]"
    }
},
{
    "model": "admin.logentry",
    "pk": 49,
    "fields": {
        "action_time": "2017-04-24T02:21:49.955Z",
        "user": 1,
        "content_type": 17,
        "object_id": "13",
        "object_repr": "XHTML",
        "action_flag": 1,
        "change_message": "[{\"added\": {}}]"
    }
},
{
    "model": "admin.logentry",
    "pk": 50,
    "fields": {
        "action_time": "2017-04-24T02:21:52.970Z",
        "user": 1,
        "content_type": 17,
        "object_id": "14",
        "object_repr": "XSLT",
        "action_flag": 1,
        "change_message": "[{\"added\": {}}]"
    }
},
{
    "model": "admin.logentry",
    "pk": 51,
    "fields": {
        "action_time": "2017-04-24T02:21:56.238Z",
        "user": 1,
        "content_type": 17,
        "object_id": "15",
        "object_repr": "JSON",
        "action_flag": 1,
        "change_message": "[{\"added\": {}}]"
    }
},
{
    "model": "admin.logentry",
    "pk": 52,
    "fields": {
        "action_time": "2017-04-24T02:22:01.258Z",
        "user": 1,
        "content_type": 17,
        "object_id": "16",
        "object_repr": "JavaScript",
        "action_flag": 1,
        "change_message": "[{\"added\": {}}]"
    }
},
{
    "model": "admin.logentry",
    "pk": 53,
    "fields": {
        "action_time": "2017-04-24T02:22:03.822Z",
        "user": 1,
        "content_type": 17,
        "object_id": "17",
        "object_repr": "AJAX",
        "action_flag": 1,
        "change_message": "[{\"added\": {}}]"
    }
},
{
    "model": "admin.logentry",
    "pk": 54,
    "fields": {
        "action_time": "2017-04-24T02:22:07.250Z",
        "user": 1,
        "content_type": 17,
        "object_id": "18",
        "object_repr": "CSS",
        "action_flag": 1,
        "change_message": "[{\"added\": {}}]"
    }
},
{
    "model": "admin.logentry",
    "pk": 55,
    "fields": {
        "action_time": "2017-04-24T02:22:10.515Z",
        "user": 1,
        "content_type": 17,
        "object_id": "19",
        "object_repr": "LESS",
        "action_flag": 1,
        "change_message": "[{\"added\": {}}]"
    }
},
{
    "model": "admin.logentry",
    "pk": 56,
    "fields": {
        "action_time": "2017-04-24T02:22:14.307Z",
        "user": 1,
        "content_type": 17,
        "object_id": "20",
        "object_repr": "PHP",
        "action_flag": 1,
        "change_message": "[{\"added\": {}}]"
    }
},
{
    "model": "admin.logentry",
    "pk": 57,
    "fields": {
        "action_time": "2017-04-24T02:22:17.574Z",
        "user": 1,
        "content_type": 17,
        "object_id": "21",
        "object_repr": "SQL",
        "action_flag": 1,
        "change_message": "[{\"added\": {}}]"
    }
},
{
    "model": "admin.logentry",
    "pk": 58,
    "fields": {
        "action_time": "2017-04-24T02:22:21.246Z",
        "user": 1,
        "content_type": 17,
        "object_id": "22",
        "object_repr": "Delphi",
        "action_flag": 1,
        "change_message": "[{\"added\": {}}]"
    }
},
{
    "model": "admin.logentry",
    "pk": 59,
    "fields": {
        "action_time": "2017-04-24T02:22:27.394Z",
        "user": 1,
        "content_type": 17,
        "object_id": "23",
        "object_repr": "PL/pgSQL",
        "action_flag": 1,
        "change_message": "[{\"added\": {}}]"
    }
},
{
    "model": "admin.logentry",
    "pk": 60,
    "fields": {
        "action_time": "2017-04-24T02:22:37.634Z",
        "user": 1,
        "content_type": 17,
        "object_id": "24",
        "object_repr": "T-SQL",
        "action_flag": 1,
        "change_message": "[{\"added\": {}}]"
    }
},
{
    "model": "admin.logentry",
    "pk": 61,
    "fields": {
        "action_time": "2017-04-24T02:22:47.826Z",
        "user": 1,
        "content_type": 17,
        "object_id": "25",
        "object_repr": "MySQL",
        "action_flag": 1,
        "change_message": "[{\"added\": {}}]"
    }
},
{
    "model": "admin.logentry",
    "pk": 62,
    "fields": {
        "action_time": "2017-04-24T02:22:51.090Z",
        "user": 1,
        "content_type": 17,
        "object_id": "26",
        "object_repr": "Python",
        "action_flag": 1,
        "change_message": "[{\"added\": {}}]"
    }
},
{
    "model": "admin.logentry",
    "pk": 63,
    "fields": {
        "action_time": "2017-04-24T02:22:54.101Z",
        "user": 1,
        "content_type": 17,
        "object_id": "27",
        "object_repr": "Perl",
        "action_flag": 1,
        "change_message": "[{\"added\": {}}]"
    }
},
{
    "model": "admin.logentry",
    "pk": 64,
    "fields": {
        "action_time": "2017-04-24T02:22:58.061Z",
        "user": 1,
        "content_type": 17,
        "object_id": "28",
        "object_repr": "Ruby on Rails",
        "action_flag": 1,
        "change_message": "[{\"added\": {}}]"
    }
},
{
    "model": "admin.logentry",
    "pk": 65,
    "fields": {
        "action_time": "2017-04-24T02:23:01.194Z",
        "user": 1,
        "content_type": 17,
        "object_id": "29",
        "object_repr": "Haskell",
        "action_flag": 1,
        "change_message": "[{\"added\": {}}]"
    }
},
{
    "model": "admin.logentry",
    "pk": 66,
    "fields": {
        "action_time": "2017-04-24T02:23:04.554Z",
        "user": 1,
        "content_type": 17,
        "object_id": "30",
        "object_repr": "LISP",
        "action_flag": 1,
        "change_message": "[{\"added\": {}}]"
    }
},
{
    "model": "admin.logentry",
    "pk": 67,
    "fields": {
        "action_time": "2017-04-24T02:23:08.325Z",
        "user": 1,
        "content_type": 17,
        "object_id": "31",
        "object_repr": "VHDL",
        "action_flag": 1,
        "change_message": "[{\"added\": {}}]"
    }
},
{
    "model": "admin.logentry",
    "pk": 68,
    "fields": {
        "action_time": "2017-04-24T02:23:12.898Z",
        "user": 1,
        "content_type": 17,
        "object_id": "32",
        "object_repr": "PathMATE",
        "action_flag": 1,
        "change_message": "[{\"added\": {}}]"
    }
},
{
    "model": "admin.logentry",
    "pk": 69,
    "fields": {
        "action_time": "2017-04-24T02:23:20.710Z",
        "user": 1,
        "content_type": 17,
        "object_id": "33",
        "object_repr": "Clojure",
        "action_flag": 1,
        "change_message": "[{\"added\": {}}]"
    }
},
{
    "model": "admin.logentry",
    "pk": 70,
    "fields": {
        "action_time": "2017-04-24T02:23:27.349Z",
        "user": 1,
        "content_type": 17,
        "object_id": "34",
        "object_repr": "VBA",
        "action_flag": 1,
        "change_message": "[{\"added\": {}}]"
    }
},
{
    "model": "admin.logentry",
    "pk": 71,
    "fields": {
        "action_time": "2017-04-24T02:23:49.637Z",
        "user": 1,
        "content_type": 17,
        "object_id": "35",
        "object_repr": "Bash",
        "action_flag": 1,
        "change_message": "[{\"added\": {}}]"
    }
},
{
    "model": "admin.logentry",
    "pk": 72,
    "fields": {
        "action_time": "2017-04-24T02:24:35.901Z",
        "user": 1,
        "content_type": 10,
        "object_id": "1",
        "object_repr": "Language object",
        "action_flag": 3,
        "change_message": ""
    }
},
{
    "model": "admin.logentry",
    "pk": 73,
    "fields": {
        "action_time": "2017-04-24T02:24:39.837Z",
        "user": 1,
        "content_type": 10,
        "object_id": "1",
        "object_repr": "Language object",
        "action_flag": 1,
        "change_message": "[{\"added\": {}}]"
    }
},
{
    "model": "admin.logentry",
    "pk": 74,
    "fields": {
        "action_time": "2017-04-24T02:24:41.862Z",
        "user": 1,
        "content_type": 10,
        "object_id": "2",
        "object_repr": "Language object",
        "action_flag": 1,
        "change_message": "[{\"added\": {}}]"
    }
},
{
    "model": "admin.logentry",
    "pk": 75,
    "fields": {
        "action_time": "2017-04-24T02:24:44.564Z",
        "user": 1,
        "content_type": 10,
        "object_id": "3",
        "object_repr": "Language object",
        "action_flag": 1,
        "change_message": "[{\"added\": {}}]"
    }
},
{
    "model": "admin.logentry",
    "pk": 76,
    "fields": {
        "action_time": "2017-04-24T02:24:46.830Z",
        "user": 1,
        "content_type": 10,
        "object_id": "4",
        "object_repr": "Language object",
        "action_flag": 1,
        "change_message": "[{\"added\": {}}]"
    }
},
{
    "model": "admin.logentry",
    "pk": 77,
    "fields": {
        "action_time": "2017-04-24T02:24:48.736Z",
        "user": 1,
        "content_type": 10,
        "object_id": "5",
        "object_repr": "Language object",
        "action_flag": 1,
        "change_message": "[{\"added\": {}}]"
    }
},
{
    "model": "admin.logentry",
    "pk": 78,
    "fields": {
        "action_time": "2017-04-24T02:24:52.983Z",
        "user": 1,
        "content_type": 10,
        "object_id": "6",
        "object_repr": "Language object",
        "action_flag": 1,
        "change_message": "[{\"added\": {}}]"
    }
},
{
    "model": "admin.logentry",
    "pk": 79,
    "fields": {
        "action_time": "2017-04-24T02:29:07.918Z",
        "user": 1,
        "content_type": 10,
        "object_id": "7",
        "object_repr": "Visual Basic 6",
        "action_flag": 1,
        "change_message": "[{\"added\": {}}]"
    }
},
{
    "model": "admin.logentry",
    "pk": 80,
    "fields": {
        "action_time": "2017-04-24T02:29:10.437Z",
        "user": 1,
        "content_type": 10,
        "object_id": "8",
        "object_repr": "Visual Basic .NET",
        "action_flag": 1,
        "change_message": "[{\"added\": {}}]"
    }
},
{
    "model": "admin.logentry",
    "pk": 81,
    "fields": {
        "action_time": "2017-04-24T02:29:15.396Z",
        "user": 1,
        "content_type": 10,
        "object_id": "9",
        "object_repr": "Objective-C",
        "action_flag": 1,
        "change_message": "[{\"added\": {}}]"
    }
},
{
    "model": "admin.logentry",
    "pk": 82,
    "fields": {
        "action_time": "2017-04-24T02:29:17.378Z",
        "user": 1,
        "content_type": 10,
        "object_id": "10",
        "object_repr": "UML",
        "action_flag": 1,
        "change_message": "[{\"added\": {}}]"
    }
},
{
    "model": "admin.logentry",
    "pk": 83,
    "fields": {
        "action_time": "2017-04-24T02:29:19.663Z",
        "user": 1,
        "content_type": 10,
        "object_id": "11",
        "object_repr": "HTML",
        "action_flag": 1,
        "change_message": "[{\"added\": {}}]"
    }
},
{
    "model": "admin.logentry",
    "pk": 84,
    "fields": {
        "action_time": "2017-04-24T02:29:21.954Z",
        "user": 1,
        "content_type": 10,
        "object_id": "12",
        "object_repr": "XML",
        "action_flag": 1,
        "change_message": "[{\"added\": {}}]"
    }
},
{
    "model": "admin.logentry",
    "pk": 85,
    "fields": {
        "action_time": "2017-04-24T02:29:24.281Z",
        "user": 1,
        "content_type": 10,
        "object_id": "13",
        "object_repr": "XHTML",
        "action_flag": 1,
        "change_message": "[{\"added\": {}}]"
    }
},
{
    "model": "admin.logentry",
    "pk": 86,
    "fields": {
        "action_time": "2017-04-24T02:29:26.846Z",
        "user": 1,
        "content_type": 10,
        "object_id": "14",
        "object_repr": "XSLT",
        "action_flag": 1,
        "change_message": "[{\"added\": {}}]"
    }
},
{
    "model": "admin.logentry",
    "pk": 87,
    "fields": {
        "action_time": "2017-04-24T02:29:29.122Z",
        "user": 1,
        "content_type": 10,
        "object_id": "15",
        "object_repr": "JSON",
        "action_flag": 1,
        "change_message": "[{\"added\": {}}]"
    }
},
{
    "model": "admin.logentry",
    "pk": 88,
    "fields": {
        "action_time": "2017-04-24T02:29:31.502Z",
        "user": 1,
        "content_type": 10,
        "object_id": "16",
        "object_repr": "JavaScript",
        "action_flag": 1,
        "change_message": "[{\"added\": {}}]"
    }
},
{
    "model": "admin.logentry",
    "pk": 89,
    "fields": {
        "action_time": "2017-04-24T02:29:38.622Z",
        "user": 1,
        "content_type": 10,
        "object_id": "17",
        "object_repr": "AJAX",
        "action_flag": 1,
        "change_message": "[{\"added\": {}}]"
    }
},
{
    "model": "admin.logentry",
    "pk": 90,
    "fields": {
        "action_time": "2017-04-24T02:29:41.152Z",
        "user": 1,
        "content_type": 10,
        "object_id": "18",
        "object_repr": "CSS",
        "action_flag": 1,
        "change_message": "[{\"added\": {}}]"
    }
},
{
    "model": "admin.logentry",
    "pk": 91,
    "fields": {
        "action_time": "2017-04-24T02:29:43.591Z",
        "user": 1,
        "content_type": 10,
        "object_id": "19",
        "object_repr": "LESS",
        "action_flag": 1,
        "change_message": "[{\"added\": {}}]"
    }
},
{
    "model": "admin.logentry",
    "pk": 92,
    "fields": {
        "action_time": "2017-04-24T02:29:45.634Z",
        "user": 1,
        "content_type": 10,
        "object_id": "20",
        "object_repr": "PHP",
        "action_flag": 1,
        "change_message": "[{\"added\": {}}]"
    }
},
{
    "model": "admin.logentry",
    "pk": 93,
    "fields": {
        "action_time": "2017-04-24T02:29:48.629Z",
        "user": 1,
        "content_type": 10,
        "object_id": "21",
        "object_repr": "SQL",
        "action_flag": 1,
        "change_message": "[{\"added\": {}}]"
    }
},
{
    "model": "admin.logentry",
    "pk": 94,
    "fields": {
        "action_time": "2017-04-24T02:29:52.026Z",
        "user": 1,
        "content_type": 10,
        "object_id": "22",
        "object_repr": "Delphi",
        "action_flag": 1,
        "change_message": "[{\"added\": {}}]"
    }
},
{
    "model": "admin.logentry",
    "pk": 95,
    "fields": {
        "action_time": "2017-04-24T02:29:54.662Z",
        "user": 1,
        "content_type": 10,
        "object_id": "23",
        "object_repr": "PL/pgSQL",
        "action_flag": 1,
        "change_message": "[{\"added\": {}}]"
    }
},
{
    "model": "admin.logentry",
    "pk": 96,
    "fields": {
        "action_time": "2017-04-24T02:29:57.002Z",
        "user": 1,
        "content_type": 10,
        "object_id": "24",
        "object_repr": "T-SQL",
        "action_flag": 1,
        "change_message": "[{\"added\": {}}]"
    }
},
{
    "model": "admin.logentry",
    "pk": 97,
    "fields": {
        "action_time": "2017-04-24T02:29:59.642Z",
        "user": 1,
        "content_type": 10,
        "object_id": "25",
        "object_repr": "MySQL",
        "action_flag": 1,
        "change_message": "[{\"added\": {}}]"
    }
},
{
    "model": "admin.logentry",
    "pk": 98,
    "fields": {
        "action_time": "2017-04-24T02:30:02.413Z",
        "user": 1,
        "content_type": 10,
        "object_id": "26",
        "object_repr": "Python",
        "action_flag": 1,
        "change_message": "[{\"added\": {}}]"
    }
},
{
    "model": "admin.logentry",
    "pk": 99,
    "fields": {
        "action_time": "2017-04-24T02:30:05.058Z",
        "user": 1,
        "content_type": 10,
        "object_id": "27",
        "object_repr": "Perl",
        "action_flag": 1,
        "change_message": "[{\"added\": {}}]"
    }
},
{
    "model": "admin.logentry",
    "pk": 100,
    "fields": {
        "action_time": "2017-04-24T02:30:08.253Z",
        "user": 1,
        "content_type": 10,
        "object_id": "28",
        "object_repr": "Ruby on Rails",
        "action_flag": 1,
        "change_message": "[{\"added\": {}}]"
    }
},
{
    "model": "admin.logentry",
    "pk": 101,
    "fields": {
        "action_time": "2017-04-24T02:30:10.665Z",
        "user": 1,
        "content_type": 10,
        "object_id": "29",
        "object_repr": "Haskell",
        "action_flag": 1,
        "change_message": "[{\"added\": {}}]"
    }
},
{
    "model": "admin.logentry",
    "pk": 102,
    "fields": {
        "action_time": "2017-04-24T02:30:13.854Z",
        "user": 1,
        "content_type": 10,
        "object_id": "30",
        "object_repr": "LISP",
        "action_flag": 1,
        "change_message": "[{\"added\": {}}]"
    }
},
{
    "model": "admin.logentry",
    "pk": 103,
    "fields": {
        "action_time": "2017-04-24T02:30:16.633Z",
        "user": 1,
        "content_type": 10,
        "object_id": "31",
        "object_repr": "VHDL",
        "action_flag": 1,
        "change_message": "[{\"added\": {}}]"
    }
},
{
    "model": "admin.logentry",
    "pk": 104,
    "fields": {
        "action_time": "2017-04-24T02:30:19.070Z",
        "user": 1,
        "content_type": 10,
        "object_id": "32",
        "object_repr": "PathMATE",
        "action_flag": 1,
        "change_message": "[{\"added\": {}}]"
    }
},
{
    "model": "admin.logentry",
    "pk": 105,
    "fields": {
        "action_time": "2017-04-24T02:30:21.825Z",
        "user": 1,
        "content_type": 10,
        "object_id": "33",
        "object_repr": "Clojure",
        "action_flag": 1,
        "change_message": "[{\"added\": {}}]"
    }
},
{
    "model": "admin.logentry",
    "pk": 106,
    "fields": {
        "action_time": "2017-04-24T02:30:24.677Z",
        "user": 1,
        "content_type": 10,
        "object_id": "34",
        "object_repr": "VBA",
        "action_flag": 1,
        "change_message": "[{\"added\": {}}]"
    }
},
{
    "model": "admin.logentry",
    "pk": 107,
    "fields": {
        "action_time": "2017-04-24T02:30:27.450Z",
        "user": 1,
        "content_type": 10,
        "object_id": "35",
        "object_repr": "Bash",
        "action_flag": 1,
        "change_message": "[{\"added\": {}}]"
    }
},
{
    "model": "admin.logentry",
    "pk": 108,
    "fields": {
        "action_time": "2017-04-24T02:36:49.469Z",
        "user": 1,
        "content_type": 9,
        "object_id": "1",
        "object_repr": "Two Sigma Investments",
        "action_flag": 1,
        "change_message": "[{\"added\": {}}]"
    }
},
{
    "model": "admin.logentry",
    "pk": 109,
    "fields": {
        "action_time": "2017-04-24T02:38:19.688Z",
        "user": 1,
        "content_type": 14,
        "object_id": "1",
        "object_repr": "Serve as team lead for the Accounting & Treasury team dedicated to supporting various back office projects such as Cash Management and Fund Performance Reporting.",
        "action_flag": 1,
        "change_message": "[{\"added\": {}}]"
    }
},
{
    "model": "admin.logentry",
    "pk": 110,
    "fields": {
        "action_time": "2017-04-24T02:38:30.186Z",
        "user": 1,
        "content_type": 14,
        "object_id": "2",
        "object_repr": "Develop an automatic data import framework using Java, SQL, & Clojure",
        "action_flag": 1,
        "change_message": "[{\"added\": {}}]"
    }
},
{
    "model": "admin.logentry",
    "pk": 111,
    "fields": {
        "action_time": "2017-04-24T02:38:42.982Z",
        "user": 1,
        "content_type": 14,
        "object_id": "3",
        "object_repr": "Improve custom margin management and portfolio rebalancing system in VBA & SQL.",
        "action_flag": 1,
        "change_message": "[{\"added\": {}}]"
    }
},
{
    "model": "admin.logentry",
    "pk": 112,
    "fields": {
        "action_time": "2017-04-24T02:38:58.347Z",
        "user": 1,
        "content_type": 14,
        "object_id": "4",
        "object_repr": "Design and implement a process to automatically generate quarterly regulatory filings using Java,  JAXB, and XJC (turning a manual process requiring 2 people for 1 week into seconds)",
        "action_flag": 1,
        "change_message": "[{\"added\": {}}]"
    }
},
{
    "model": "admin.logentry",
    "pk": 113,
    "fields": {
        "action_time": "2017-04-24T03:00:58.300Z",
        "user": 1,
        "content_type": 9,
        "object_id": "2",
        "object_repr": "Intergraph",
        "action_flag": 1,
        "change_message": "[{\"added\": {}}]"
    }
},
{
    "model": "admin.logentry",
    "pk": 114,
    "fields": {
        "action_time": "2017-04-24T03:03:45.239Z",
        "user": 1,
        "content_type": 13,
        "object_id": "1",
        "object_repr": "E-Support",
        "action_flag": 1,
        "change_message": "[{\"added\": {}}]"
    }
},
{
    "model": "admin.logentry",
    "pk": 115,
    "fields": {
        "action_time": "2017-04-24T03:04:06.435Z",
        "user": 1,
        "content_type": 13,
        "object_id": "2",
        "object_repr": "E-License",
        "action_flag": 1,
        "change_message": "[{\"added\": {}}]"
    }
},
{
    "model": "admin.logentry",
    "pk": 116,
    "fields": {
        "action_time": "2017-04-24T03:04:43.909Z",
        "user": 1,
        "content_type": 14,
        "object_id": "5",
        "object_repr": "Served as Oracle ADF / Java EE subject matter expert and led all development activities.",
        "action_flag": 1,
        "change_message": "[{\"added\": {}}]"
    }
},
{
    "model": "admin.logentry",
    "pk": 117,
    "fields": {
        "action_time": "2017-04-24T03:04:57.341Z",
        "user": 1,
        "content_type": 14,
        "object_id": "6",
        "object_repr": "Developed web front-end in JSF, AJAX, and ADF Faces.",
        "action_flag": 1,
        "change_message": "[{\"added\": {}}]"
    }
},
{
    "model": "admin.logentry",
    "pk": 118,
    "fields": {
        "action_time": "2017-04-24T03:05:11.247Z",
        "user": 1,
        "content_type": 14,
        "object_id": "7",
        "object_repr": "Developed Java EE back-end in ADF BC, SOAP Web Services, and SQL Server DB.",
        "action_flag": 1,
        "change_message": "[{\"added\": {}}]"
    }
},
{
    "model": "admin.logentry",
    "pk": 119,
    "fields": {
        "action_time": "2017-04-24T03:05:25.227Z",
        "user": 1,
        "content_type": 14,
        "object_id": "8",
        "object_repr": "Implemented Oracle SOA between Oracle Application Server and Siebel Enterprise.",
        "action_flag": 1,
        "change_message": "[{\"added\": {}}]"
    }
},
{
    "model": "admin.logentry",
    "pk": 120,
    "fields": {
        "action_time": "2017-04-24T03:05:38.793Z",
        "user": 1,
        "content_type": 14,
        "object_id": "9",
        "object_repr": "Improved the existing manual build/deploy process that ran in hours to an entirely automated continuous integration process using Ant, JUnit, Cruise Control, & OJDeploy to run in minutes.",
        "action_flag": 1,
        "change_message": "[{\"added\": {}}]"
    }
},
{
    "model": "admin.logentry",
    "pk": 121,
    "fields": {
        "action_time": "2017-04-24T03:05:53.534Z",
        "user": 1,
        "content_type": 14,
        "object_id": "10",
        "object_repr": "Improved proprietary search algorithm to increase search results performance by 75%.",
        "action_flag": 1,
        "change_message": "[{\"added\": {}}]"
    }
},
{
    "model": "admin.logentry",
    "pk": 122,
    "fields": {
        "action_time": "2017-04-24T03:06:09.601Z",
        "user": 1,
        "content_type": 14,
        "object_id": "11",
        "object_repr": "Developed ASP.NET MVC 3 web application using C#, VB, Razor, and JavaScript (jQuery) in an Agile environment using Scrum processes.",
        "action_flag": 1,
        "change_message": "[{\"added\": {}}]"
    }
},
{
    "model": "admin.logentry",
    "pk": 123,
    "fields": {
        "action_time": "2017-04-24T03:06:21.752Z",
        "user": 1,
        "content_type": 14,
        "object_id": "12",
        "object_repr": "Used Test-driven development & MS Test to develop custom key-cutter to automatically generate license keys from order information in Dynamics GP (Great Plains) via BizTalk.",
        "action_flag": 1,
        "change_message": "[{\"added\": {}}]"
    }
},
{
    "model": "admin.logentry",
    "pk": 124,
    "fields": {
        "action_time": "2017-04-24T03:07:57.902Z",
        "user": 1,
        "content_type": 14,
        "object_id": "12",
        "object_repr": "Used Test-driven development & MS Test to develop custom key-cutter to automatically generate license keys from order information in Dynamics GP (Great Plains) via BizTalk.",
        "action_flag": 2,
        "change_message": "[{\"changed\": {\"fields\": [\"experience\"]}}]"
    }
},
{
    "model": "admin.logentry",
    "pk": 125,
    "fields": {
        "action_time": "2017-04-24T03:08:01.762Z",
        "user": 1,
        "content_type": 14,
        "object_id": "11",
        "object_repr": "Developed ASP.NET MVC 3 web application using C#, VB, Razor, and JavaScript (jQuery) in an Agile environment using Scrum processes.",
        "action_flag": 2,
        "change_message": "[{\"changed\": {\"fields\": [\"experience\"]}}]"
    }
},
{
    "model": "admin.logentry",
    "pk": 126,
    "fields": {
        "action_time": "2017-04-24T03:08:10.765Z",
        "user": 1,
        "content_type": 14,
        "object_id": "9",
        "object_repr": "Improved the existing manual build/deploy process that ran in hours to an entirely automated continuous integration process using Ant, JUnit, Cruise Control, & OJDeploy to run in minutes.",
        "action_flag": 2,
        "change_message": "[{\"changed\": {\"fields\": [\"experience\"]}}]"
    }
},
{
    "model": "admin.logentry",
    "pk": 127,
    "fields": {
        "action_time": "2017-04-24T03:08:15.606Z",
        "user": 1,
        "content_type": 14,
        "object_id": "8",
        "object_repr": "Implemented Oracle SOA between Oracle Application Server and Siebel Enterprise.",
        "action_flag": 2,
        "change_message": "[{\"changed\": {\"fields\": [\"experience\"]}}]"
    }
},
{
    "model": "admin.logentry",
    "pk": 128,
    "fields": {
        "action_time": "2017-04-24T03:08:22.469Z",
        "user": 1,
        "content_type": 14,
        "object_id": "7",
        "object_repr": "Developed Java EE back-end in ADF BC, SOAP Web Services, and SQL Server DB.",
        "action_flag": 2,
        "change_message": "[{\"changed\": {\"fields\": [\"experience\"]}}]"
    }
},
{
    "model": "admin.logentry",
    "pk": 129,
    "fields": {
        "action_time": "2017-04-24T03:08:27.022Z",
        "user": 1,
        "content_type": 14,
        "object_id": "6",
        "object_repr": "Developed web front-end in JSF, AJAX, and ADF Faces.",
        "action_flag": 2,
        "change_message": "[{\"changed\": {\"fields\": [\"experience\"]}}]"
    }
},
{
    "model": "admin.logentry",
    "pk": 130,
    "fields": {
        "action_time": "2017-04-24T03:08:30.770Z",
        "user": 1,
        "content_type": 14,
        "object_id": "5",
        "object_repr": "Served as Oracle ADF / Java EE subject matter expert and led all development activities.",
        "action_flag": 2,
        "change_message": "[{\"changed\": {\"fields\": [\"experience\"]}}]"
    }
},
{
    "model": "admin.logentry",
    "pk": 131,
    "fields": {
        "action_time": "2017-04-24T03:18:21.285Z",
        "user": 1,
        "content_type": 13,
        "object_id": "1",
        "object_repr": "E-Support",
        "action_flag": 2,
        "change_message": "[]"
    }
},
{
    "model": "admin.logentry",
    "pk": 132,
    "fields": {
        "action_time": "2017-04-24T03:18:29.992Z",
        "user": 1,
        "content_type": 17,
        "object_id": "36",
        "object_repr": "JSF",
        "action_flag": 1,
        "change_message": "[{\"added\": {}}]"
    }
},
{
    "model": "admin.logentry",
    "pk": 133,
    "fields": {
        "action_time": "2017-04-24T03:18:34.374Z",
        "user": 1,
        "content_type": 17,
        "object_id": "37",
        "object_repr": "ADF Faces",
        "action_flag": 1,
        "change_message": "[{\"added\": {}}]"
    }
},
{
    "model": "admin.logentry",
    "pk": 134,
    "fields": {
        "action_time": "2017-04-24T03:19:17.754Z",
        "user": 1,
        "content_type": 17,
        "object_id": "38",
        "object_repr": "REST",
        "action_flag": 1,
        "change_message": "[{\"added\": {}}]"
    }
},
{
    "model": "admin.logentry",
    "pk": 135,
    "fields": {
        "action_time": "2017-04-24T03:19:23.323Z",
        "user": 1,
        "content_type": 17,
        "object_id": "39",
        "object_repr": "SOAP",
        "action_flag": 1,
        "change_message": "[{\"added\": {}}]"
    }
},
{
    "model": "admin.logentry",
    "pk": 136,
    "fields": {
        "action_time": "2017-04-24T03:19:43.023Z",
        "user": 1,
        "content_type": 17,
        "object_id": "40",
        "object_repr": "ADF BC",
        "action_flag": 1,
        "change_message": "[{\"added\": {}}]"
    }
},
{
    "model": "admin.logentry",
    "pk": 137,
    "fields": {
        "action_time": "2017-04-24T03:21:51.658Z",
        "user": 1,
        "content_type": 13,
        "object_id": "1",
        "object_repr": "E-Support",
        "action_flag": 2,
        "change_message": "[]"
    }
},
{
    "model": "admin.logentry",
    "pk": 138,
    "fields": {
        "action_time": "2017-04-24T03:22:06.269Z",
        "user": 1,
        "content_type": 9,
        "object_id": "1",
        "object_repr": "Two Sigma Investments",
        "action_flag": 2,
        "change_message": "[]"
    }
},
{
    "model": "admin.logentry",
    "pk": 139,
    "fields": {
        "action_time": "2017-04-24T03:23:08.144Z",
        "user": 1,
        "content_type": 13,
        "object_id": "2",
        "object_repr": "E-License",
        "action_flag": 2,
        "change_message": "[]"
    }
},
{
    "model": "admin.logentry",
    "pk": 140,
    "fields": {
        "action_time": "2017-04-24T03:52:42.627Z",
        "user": 1,
        "content_type": 9,
        "object_id": "3",
        "object_repr": "Raytheon",
        "action_flag": 1,
        "change_message": "[{\"added\": {}}]"
    }
},
{
    "model": "admin.logentry",
    "pk": 141,
    "fields": {
        "action_time": "2017-04-24T03:56:03.213Z",
        "user": 1,
        "content_type": 8,
        "object_id": "1",
        "object_repr": "University of Alabama in Huntsville",
        "action_flag": 1,
        "change_message": "[{\"added\": {}}]"
    }
},
{
    "model": "admin.logentry",
    "pk": 142,
    "fields": {
        "action_time": "2017-04-24T04:01:05.015Z",
        "user": 1,
        "content_type": 8,
        "object_id": "2",
        "object_repr": "University of Texas at Austin",
        "action_flag": 1,
        "change_message": "[{\"added\": {}}]"
    }
},
{
    "model": "admin.logentry",
    "pk": 143,
    "fields": {
        "action_time": "2017-04-24T04:09:02.134Z",
        "user": 1,
        "content_type": 9,
        "object_id": "1",
        "object_repr": "Two Sigma Investments",
        "action_flag": 2,
        "change_message": "[{\"changed\": {\"fields\": [\"years\"]}}]"
    }
},
{
    "model": "admin.logentry",
    "pk": 144,
    "fields": {
        "action_time": "2017-04-24T04:09:08.354Z",
        "user": 1,
        "content_type": 9,
        "object_id": "2",
        "object_repr": "Intergraph",
        "action_flag": 2,
        "change_message": "[{\"changed\": {\"fields\": [\"years\"]}}]"
    }
},
{
    "model": "admin.logentry",
    "pk": 145,
    "fields": {
        "action_time": "2017-04-24T04:09:14.046Z",
        "user": 1,
        "content_type": 9,
        "object_id": "3",
        "object_repr": "Raytheon",
        "action_flag": 2,
        "change_message": "[{\"changed\": {\"fields\": [\"years\"]}}]"
    }
},
{
    "model": "admin.logentry",
    "pk": 146,
    "fields": {
        "action_time": "2017-05-06T22:40:23.560Z",
        "user": 1,
        "content_type": 12,
        "object_id": "2",
        "object_repr": "Stack Overflow",
        "action_flag": 2,
        "change_message": "[{\"changed\": {\"fields\": [\"url\"]}}]"
    }
},
{
    "model": "admin.logentry",
    "pk": 147,
    "fields": {
        "action_time": "2017-05-06T22:46:01.282Z",
        "user": 1,
        "content_type": 13,
        "object_id": "3",
        "object_repr": "PMET",
        "action_flag": 1,
        "change_message": "[{\"added\": {}}]"
    }
},
{
    "model": "admin.logentry",
    "pk": 148,
    "fields": {
        "action_time": "2017-05-06T22:46:28.156Z",
        "user": 1,
        "content_type": 17,
        "object_id": "41",
        "object_repr": "Unity 3D",
        "action_flag": 1,
        "change_message": "[{\"added\": {}}]"
    }
},
{
    "model": "admin.logentry",
    "pk": 149,
    "fields": {
        "action_time": "2017-05-06T22:46:32.291Z",
        "user": 1,
        "content_type": 17,
        "object_id": "42",
        "object_repr": "XNA",
        "action_flag": 1,
        "change_message": "[{\"added\": {}}]"
    }
},
{
    "model": "admin.logentry",
    "pk": 150,
    "fields": {
        "action_time": "2017-05-06T22:47:02.371Z",
        "user": 1,
        "content_type": 17,
        "object_id": "43",
        "object_repr": "iOS",
        "action_flag": 1,
        "change_message": "[{\"added\": {}}]"
    }
},
{
    "model": "admin.logentry",
    "pk": 151,
    "fields": {
        "action_time": "2017-05-06T22:47:27.428Z",
        "user": 1,
        "content_type": 17,
        "object_id": "44",
        "object_repr": "Ruby on Rails",
        "action_flag": 1,
        "change_message": "[{\"added\": {}}]"
    }
},
{
    "model": "admin.logentry",
    "pk": 152,
    "fields": {
        "action_time": "2017-05-06T22:47:40.198Z",
        "user": 1,
        "content_type": 17,
        "object_id": "45",
        "object_repr": "3D Studio Max",
        "action_flag": 1,
        "change_message": "[{\"added\": {}}]"
    }
},
{
    "model": "admin.logentry",
    "pk": 153,
    "fields": {
        "action_time": "2017-05-06T22:47:43.870Z",
        "user": 1,
        "content_type": 17,
        "object_id": "46",
        "object_repr": "3D",
        "action_flag": 1,
        "change_message": "[{\"added\": {}}]"
    }
},
{
    "model": "admin.logentry",
    "pk": 154,
    "fields": {
        "action_time": "2017-05-06T22:49:10.954Z",
        "user": 1,
        "content_type": 13,
        "object_id": "3",
        "object_repr": "PMET",
        "action_flag": 2,
        "change_message": "[]"
    }
},
{
    "model": "admin.logentry",
    "pk": 155,
    "fields": {
        "action_time": "2017-05-06T22:49:36.829Z",
        "user": 1,
        "content_type": 14,
        "object_id": "13",
        "object_repr": "Developed 3D virtualization environment utilizing the XNA game engine and C#.NET.",
        "action_flag": 1,
        "change_message": "[{\"added\": {}}]"
    }
},
{
    "model": "admin.logentry",
    "pk": 156,
    "fields": {
        "action_time": "2017-05-06T22:49:50.648Z",
        "user": 1,
        "content_type": 14,
        "object_id": "14",
        "object_repr": "Produced mobile iPhone & iPad iOS 3D virtual application using Unity 3D, and developed web server back-end in Ruby on Rails which provided soldiers with training assistance and situational awareness.",
        "action_flag": 1,
        "change_message": "[{\"added\": {}}]"
    }
},
{
    "model": "admin.logentry",
    "pk": 157,
    "fields": {
        "action_time": "2017-05-06T22:50:01.833Z",
        "user": 1,
        "content_type": 14,
        "object_id": "15",
        "object_repr": "Worked directly with Army customers at Ft Sill, OK and Boston, MA to gather requirements and evaluate future customer needs.",
        "action_flag": 1,
        "change_message": "[{\"added\": {}}]"
    }
},
{
    "model": "admin.logentry",
    "pk": 158,
    "fields": {
        "action_time": "2017-05-06T22:50:17.217Z",
        "user": 1,
        "content_type": 14,
        "object_id": "16",
        "object_repr": "Worked with studio design team in San Francisco, CA to translate high-resolution photographs into a 3D-model using 3D Studio Max and a custom content pipeline.",
        "action_flag": 1,
        "change_message": "[{\"added\": {}}]"
    }
},
{
    "model": "admin.logentry",
    "pk": 159,
    "fields": {
        "action_time": "2017-05-06T22:57:59.307Z",
        "user": 1,
        "content_type": 13,
        "object_id": "4",
        "object_repr": "ACCS Data",
        "action_flag": 1,
        "change_message": "[{\"added\": {}}]"
    }
},
{
    "model": "admin.logentry",
    "pk": 160,
    "fields": {
        "action_time": "2017-05-06T22:58:10.377Z",
        "user": 1,
        "content_type": 17,
        "object_id": "47",
        "object_repr": "Weblogic",
        "action_flag": 1,
        "change_message": "[{\"added\": {}}]"
    }
},
{
    "model": "admin.logentry",
    "pk": 161,
    "fields": {
        "action_time": "2017-05-06T22:58:17.720Z",
        "user": 1,
        "content_type": 17,
        "object_id": "48",
        "object_repr": "J2EE",
        "action_flag": 1,
        "change_message": "[{\"added\": {}}]"
    }
},
{
    "model": "admin.logentry",
    "pk": 162,
    "fields": {
        "action_time": "2017-05-06T22:58:53.957Z",
        "user": 1,
        "content_type": 17,
        "object_id": "48",
        "object_repr": "Java EE",
        "action_flag": 2,
        "change_message": "[{\"changed\": {\"fields\": [\"name\"]}}]"
    }
},
{
    "model": "admin.logentry",
    "pk": 163,
    "fields": {
        "action_time": "2017-05-06T22:59:29.541Z",
        "user": 1,
        "content_type": 17,
        "object_id": "49",
        "object_repr": "EJB",
        "action_flag": 1,
        "change_message": "[{\"added\": {}}]"
    }
},
{
    "model": "admin.logentry",
    "pk": 164,
    "fields": {
        "action_time": "2017-05-06T22:59:41.356Z",
        "user": 1,
        "content_type": 17,
        "object_id": "50",
        "object_repr": "Solaris",
        "action_flag": 1,
        "change_message": "[{\"added\": {}}]"
    }
},
{
    "model": "admin.logentry",
    "pk": 165,
    "fields": {
        "action_time": "2017-05-06T23:00:18.593Z",
        "user": 1,
        "content_type": 13,
        "object_id": "4",
        "object_repr": "ACCS Data",
        "action_flag": 2,
        "change_message": "[]"
    }
},
{
    "model": "admin.logentry",
    "pk": 166,
    "fields": {
        "action_time": "2017-05-06T23:00:42.505Z",
        "user": 1,
        "content_type": 14,
        "object_id": "17",
        "object_repr": "Filled a critical Java EE need by accepting a 6-month assignment in Paris, France.",
        "action_flag": 1,
        "change_message": "[{\"added\": {}}]"
    }
},
{
    "model": "admin.logentry",
    "pk": 167,
    "fields": {
        "action_time": "2017-05-06T23:00:56.720Z",
        "user": 1,
        "content_type": 14,
        "object_id": "18",
        "object_repr": "Performed back-end Java development and wrote server side business logic atop a proprietary object-relational mapping / container-managed persistence framework deployed on a Weblogic application serve",
        "action_flag": 1,
        "change_message": "[{\"added\": {}}]"
    }
},
{
    "model": "admin.logentry",
    "pk": 168,
    "fields": {
        "action_time": "2017-05-06T23:01:09.315Z",
        "user": 1,
        "content_type": 14,
        "object_id": "19",
        "object_repr": "Worked alongside French and American software engineers to develop an n-tier Client/Server Java EE application utilizing EJB and XML run on a Solaris server.",
        "action_flag": 1,
        "change_message": "[{\"added\": {}}]"
    }
},
{
    "model": "admin.logentry",
    "pk": 169,
    "fields": {
        "action_time": "2017-05-06T23:03:08.175Z",
        "user": 1,
        "content_type": 13,
        "object_id": "5",
        "object_repr": "ePOMT",
        "action_flag": 1,
        "change_message": "[{\"added\": {}}]"
    }
},
{
    "model": "admin.logentry",
    "pk": 170,
    "fields": {
        "action_time": "2017-05-06T23:03:24.918Z",
        "user": 1,
        "content_type": 17,
        "object_id": "51",
        "object_repr": "Access",
        "action_flag": 1,
        "change_message": "[{\"added\": {}}]"
    }
},
{
    "model": "admin.logentry",
    "pk": 171,
    "fields": {
        "action_time": "2017-05-06T23:05:01.006Z",
        "user": 1,
        "content_type": 13,
        "object_id": "5",
        "object_repr": "ePOMT",
        "action_flag": 2,
        "change_message": "[]"
    }
},
{
    "model": "admin.logentry",
    "pk": 172,
    "fields": {
        "action_time": "2017-05-06T23:05:25.038Z",
        "user": 1,
        "content_type": 14,
        "object_id": "20",
        "object_repr": "Led ePOMT software team of seven engineers, as well as oversaw all design, integration, testing, and successful delivery to customer in Hamamatsu, Japan.",
        "action_flag": 1,
        "change_message": "[{\"added\": {}}]"
    }
},
{
    "model": "admin.logentry",
    "pk": 173,
    "fields": {
        "action_time": "2017-05-06T23:05:37.921Z",
        "user": 1,
        "content_type": 14,
        "object_id": "21",
        "object_repr": "Developed training simulation application in VB.NET to run on an RT3 Windows 7 machine.",
        "action_flag": 1,
        "change_message": "[{\"added\": {}}]"
    }
},
{
    "model": "admin.logentry",
    "pk": 174,
    "fields": {
        "action_time": "2017-05-06T23:05:51.387Z",
        "user": 1,
        "content_type": 14,
        "object_id": "22",
        "object_repr": "Wrote data access layer to connect VB.NET to a Microsoft Access database using ODBC.",
        "action_flag": 1,
        "change_message": "[{\"added\": {}}]"
    }
},
{
    "model": "admin.logentry",
    "pk": 175,
    "fields": {
        "action_time": "2017-05-06T23:06:06.425Z",
        "user": 1,
        "content_type": 14,
        "object_id": "23",
        "object_repr": "Administered ClearCase source control database, executed merges, and ran nightly team builds.",
        "action_flag": 1,
        "change_message": "[{\"added\": {}}]"
    }
},
{
    "model": "admin.logentry",
    "pk": 176,
    "fields": {
        "action_time": "2017-05-06T23:07:17.777Z",
        "user": 1,
        "content_type": 17,
        "object_id": "52",
        "object_repr": "GIS",
        "action_flag": 1,
        "change_message": "[{\"added\": {}}]"
    }
},
{
    "model": "admin.logentry",
    "pk": 177,
    "fields": {
        "action_time": "2017-05-06T23:08:05.828Z",
        "user": 1,
        "content_type": 17,
        "object_id": "53",
        "object_repr": "Luciad Map",
        "action_flag": 1,
        "change_message": "[{\"added\": {}}]"
    }
},
{
    "model": "admin.logentry",
    "pk": 178,
    "fields": {
        "action_time": "2017-05-06T23:08:08.620Z",
        "user": 1,
        "content_type": 13,
        "object_id": "6",
        "object_repr": "ACCS GIS",
        "action_flag": 1,
        "change_message": "[{\"added\": {}}]"
    }
},
{
    "model": "admin.logentry",
    "pk": 179,
    "fields": {
        "action_time": "2017-05-06T23:08:36.048Z",
        "user": 1,
        "content_type": 14,
        "object_id": "24",
        "object_repr": "Developed Java code products for the GIS by utilizing Luciad Map framework using MVC architecture to develop specialized map functions, custom controllers, and layer management.",
        "action_flag": 1,
        "change_message": "[{\"added\": {}}]"
    }
},
{
    "model": "admin.logentry",
    "pk": 180,
    "fields": {
        "action_time": "2017-05-06T23:08:47.443Z",
        "user": 1,
        "content_type": 14,
        "object_id": "25",
        "object_repr": "Executed unit test, software and system integration in Huntsville, AL, and Los Angeles, CA.",
        "action_flag": 1,
        "change_message": "[{\"added\": {}}]"
    }
},
{
    "model": "admin.logentry",
    "pk": 181,
    "fields": {
        "action_time": "2017-05-06T23:09:03.715Z",
        "user": 1,
        "content_type": 14,
        "object_id": "26",
        "object_repr": "Developed unified configuration and testing plan for the software team to encompass the build process, unit testing, and static code analysis using Klocwork and EMMA.",
        "action_flag": 1,
        "change_message": "[{\"added\": {}}]"
    }
},
{
    "model": "admin.logentry",
    "pk": 182,
    "fields": {
        "action_time": "2017-05-06T23:10:03.083Z",
        "user": 1,
        "content_type": 17,
        "object_id": "54",
        "object_repr": "MDA",
        "action_flag": 1,
        "change_message": "[{\"added\": {}}]"
    }
},
{
    "model": "admin.logentry",
    "pk": 183,
    "fields": {
        "action_time": "2017-05-06T23:10:11.946Z",
        "user": 1,
        "content_type": 17,
        "object_id": "55",
        "object_repr": "PathMATE",
        "action_flag": 1,
        "change_message": "[{\"added\": {}}]"
    }
},
{
    "model": "admin.logentry",
    "pk": 184,
    "fields": {
        "action_time": "2017-05-06T23:11:29.595Z",
        "user": 1,
        "content_type": 13,
        "object_id": "7",
        "object_repr": "SRP MWC",
        "action_flag": 1,
        "change_message": "[{\"added\": {}}]"
    }
},
{
    "model": "admin.logentry",
    "pk": 185,
    "fields": {
        "action_time": "2017-05-06T23:11:50.395Z",
        "user": 1,
        "content_type": 14,
        "object_id": "27",
        "object_repr": "Developed Java components for all Battle Planner related modules using OOA/D principles.",
        "action_flag": 1,
        "change_message": "[{\"added\": {}}]"
    }
},
{
    "model": "admin.logentry",
    "pk": 186,
    "fields": {
        "action_time": "2017-05-06T23:12:02.307Z",
        "user": 1,
        "content_type": 14,
        "object_id": "28",
        "object_repr": "Implemented drawing of objects on a real-time map via a Solipsys Tactical Display Framework.",
        "action_flag": 1,
        "change_message": "[{\"added\": {}}]"
    }
},
{
    "model": "admin.logentry",
    "pk": 187,
    "fields": {
        "action_time": "2017-05-06T23:12:13.722Z",
        "user": 1,
        "content_type": 14,
        "object_id": "29",
        "object_repr": "Utilized Model Driven Architecture (MDA) by writing platform independent PathMATE action language and creating UML models for use in automatic Java code generation.",
        "action_flag": 1,
        "change_message": "[{\"added\": {}}]"
    }
},
{
    "model": "admin.logentry",
    "pk": 188,
    "fields": {
        "action_time": "2017-05-06T23:12:26.006Z",
        "user": 1,
        "content_type": 14,
        "object_id": "30",
        "object_repr": "Designed data model, produced data services utilizing JDBC, and provided administration for a Relational PostgreSQL Database run on a Linux server.",
        "action_flag": 1,
        "change_message": "[{\"added\": {}}]"
    }
},
{
    "model": "admin.logentry",
    "pk": 189,
    "fields": {
        "action_time": "2017-05-06T23:12:36.970Z",
        "user": 1,
        "content_type": 14,
        "object_id": "31",
        "object_repr": "Unit and integration tested software using an automated test generation application (Agitator) and an automated GUI testing tool (Quick Test Professional).",
        "action_flag": 1,
        "change_message": "[{\"added\": {}}]"
    }
},
{
    "model": "admin.logentry",
    "pk": 190,
    "fields": {
        "action_time": "2017-05-06T23:12:49.978Z",
        "user": 1,
        "content_type": 14,
        "object_id": "32",
        "object_repr": "Traced requirements to software and vice versa in a requirements management tool (DOORS).",
        "action_flag": 1,
        "change_message": "[{\"added\": {}}]"
    }
},
{
    "model": "admin.logentry",
    "pk": 191,
    "fields": {
        "action_time": "2017-05-06T23:13:06.678Z",
        "user": 1,
        "content_type": 14,
        "object_id": "33",
        "object_repr": "Conducted tactical demonstrations of MWC software for air force generals in Taipei, Taiwan.",
        "action_flag": 1,
        "change_message": "[{\"added\": {}}]"
    }
},
{
    "model": "admin.logentry",
    "pk": 192,
    "fields": {
        "action_time": "2017-05-06T23:19:27.126Z",
        "user": 1,
        "content_type": 17,
        "object_id": "56",
        "object_repr": "MySQL",
        "action_flag": 1,
        "change_message": "[{\"added\": {}}]"
    }
},
{
    "model": "admin.logentry",
    "pk": 193,
    "fields": {
        "action_time": "2017-05-06T23:20:01.430Z",
        "user": 1,
        "content_type": 9,
        "object_id": "4",
        "object_repr": "Textron",
        "action_flag": 1,
        "change_message": "[{\"added\": {}}]"
    }
},
{
    "model": "admin.logentry",
    "pk": 194,
    "fields": {
        "action_time": "2017-05-06T23:20:24.930Z",
        "user": 1,
        "content_type": 17,
        "object_id": "56",
        "object_repr": "MySQL",
        "action_flag": 3,
        "change_message": ""
    }
},
{
    "model": "admin.logentry",
    "pk": 195,
    "fields": {
        "action_time": "2017-05-06T23:20:57.717Z",
        "user": 1,
        "content_type": 17,
        "object_id": "57",
        "object_repr": "Apache",
        "action_flag": 1,
        "change_message": "[{\"added\": {}}]"
    }
},
{
    "model": "admin.logentry",
    "pk": 196,
    "fields": {
        "action_time": "2017-05-06T23:21:10.740Z",
        "user": 1,
        "content_type": 9,
        "object_id": "4",
        "object_repr": "Textron",
        "action_flag": 2,
        "change_message": "[]"
    }
},
{
    "model": "admin.logentry",
    "pk": 197,
    "fields": {
        "action_time": "2017-05-06T23:21:40.361Z",
        "user": 1,
        "content_type": 14,
        "object_id": "34",
        "object_repr": "Developed RESTful web services that processed retrieve and response requests for a data distribution system to synchronize real-time mission data across a distributed network for mission planning and ",
        "action_flag": 1,
        "change_message": "[{\"added\": {}}]"
    }
},
{
    "model": "admin.logentry",
    "pk": 198,
    "fields": {
        "action_time": "2017-05-06T23:21:55.333Z",
        "user": 1,
        "content_type": 14,
        "object_id": "35",
        "object_repr": "Designed, developed, and maintained a company website using JavaScript, AJAX, CSS, XHTML, PHP, and MySQL.",
        "action_flag": 1,
        "change_message": "[{\"added\": {}}]"
    }
},
{
    "model": "admin.logentry",
    "pk": 199,
    "fields": {
        "action_time": "2017-05-06T23:22:11.310Z",
        "user": 1,
        "content_type": 14,
        "object_id": "36",
        "object_repr": "Installed, configured, and administered a Linux web server running Apache, PHP, and MySQL.",
        "action_flag": 1,
        "change_message": "[{\"added\": {}}]"
    }
},
{
    "model": "admin.logentry",
    "pk": 200,
    "fields": {
        "action_time": "2017-05-06T23:22:29.557Z",
        "user": 1,
        "content_type": 14,
        "object_id": "37",
        "object_repr": "Extended a tactical GIS application in C/C++ and C# .NET used for mission planning.",
        "action_flag": 1,
        "change_message": "[{\"added\": {}}]"
    }
},
{
    "model": "admin.logentry",
    "pk": 201,
    "fields": {
        "action_time": "2017-05-06T23:24:06.732Z",
        "user": 1,
        "content_type": 9,
        "object_id": "4",
        "object_repr": "Textron",
        "action_flag": 2,
        "change_message": "[{\"changed\": {\"fields\": [\"icon\"]}}]"
    }
},
{
    "model": "admin.logentry",
    "pk": 202,
    "fields": {
        "action_time": "2017-05-06T23:28:52.864Z",
        "user": 1,
        "content_type": 9,
        "object_id": "5",
        "object_repr": "Aspyr",
        "action_flag": 1,
        "change_message": "[{\"added\": {}}]"
    }
},
{
    "model": "admin.logentry",
    "pk": 203,
    "fields": {
        "action_time": "2017-05-06T23:36:29.866Z",
        "user": 1,
        "content_type": 14,
        "object_id": "38",
        "object_repr": "Created and ran test suites using a proprietary testing framework for \u201cStubbs the Zombie\u201d (<a href=\"http://www.imdb.com/title/tt0498128/fullcredits?ref_=tt_cl_sm#cast\">credited</a>), a game for Window",
        "action_flag": 1,
        "change_message": "[{\"added\": {}}]"
    }
},
{
    "model": "admin.logentry",
    "pk": 204,
    "fields": {
        "action_time": "2017-05-06T23:36:44.498Z",
        "user": 1,
        "content_type": 14,
        "object_id": "39",
        "object_repr": "Won the \u201cBest Bug\u201d award for \"Stubbs the Zombie\".",
        "action_flag": 1,
        "change_message": "[{\"added\": {}}]"
    }
},
{
    "model": "admin.logentry",
    "pk": 205,
    "fields": {
        "action_time": "2017-05-06T23:37:01.895Z",
        "user": 1,
        "content_type": 14,
        "object_id": "40",
        "object_repr": "Implement bug fixes in C++ to enhance on-demand caching and collision detection",
        "action_flag": 1,
        "change_message": "[{\"added\": {}}]"
    }
},
{
    "model": "admin.logentry",
    "pk": 206,
    "fields": {
        "action_time": "2017-05-06T23:37:16.671Z",
        "user": 1,
        "content_type": 14,
        "object_id": "41",
        "object_repr": "Created and ported various Windows applications to the Mac using Objective-C and Cocoa.",
        "action_flag": 1,
        "change_message": "[{\"added\": {}}]"
    }
},
{
    "model": "admin.logentry",
    "pk": 207,
    "fields": {
        "action_time": "2017-05-06T23:37:46.359Z",
        "user": 1,
        "content_type": 9,
        "object_id": "5",
        "object_repr": "Aspyr",
        "action_flag": 2,
        "change_message": "[{\"changed\": {\"fields\": [\"icon\"]}}]"
    }
},
{
    "model": "admin.logentry",
    "pk": 208,
    "fields": {
        "action_time": "2017-05-06T23:41:51.969Z",
        "user": 1,
        "content_type": 14,
        "object_id": "38",
        "object_repr": "Created and ran test suites using a proprietary testing framework for \u201cStubbs the Zombie\u201d (<a target=\"_blank\" href=\"http://www.imdb.com/title/tt0498128/fullcredits?ref_=tt_cl_sm#cast\">credited</a>), a",
        "action_flag": 2,
        "change_message": "[{\"changed\": {\"fields\": [\"description\"]}}]"
    }
},
{
    "model": "admin.logentry",
    "pk": 209,
    "fields": {
        "action_time": "2017-05-07T02:47:27.819Z",
        "user": 1,
        "content_type": 15,
        "object_id": "1",
        "object_repr": "Ask.com Search Extension",
        "action_flag": 1,
        "change_message": "[{\"added\": {}}]"
    }
},
{
    "model": "admin.logentry",
    "pk": 210,
    "fields": {
        "action_time": "2017-05-07T04:37:02.746Z",
        "user": 1,
        "content_type": 15,
        "object_id": "1",
        "object_repr": "Ask.com Search Extension",
        "action_flag": 2,
        "change_message": "[]"
    }
},
{
    "model": "admin.logentry",
    "pk": 211,
    "fields": {
        "action_time": "2017-05-07T04:38:18.387Z",
        "user": 1,
        "content_type": 15,
        "object_id": "1",
        "object_repr": "Ask.com Search Extension",
        "action_flag": 2,
        "change_message": "[{\"changed\": {\"fields\": [\"description\"]}}]"
    }
},
{
    "model": "admin.logentry",
    "pk": 212,
    "fields": {
        "action_time": "2017-05-07T04:39:44.536Z",
        "user": 1,
        "content_type": 14,
        "object_id": "42",
        "object_repr": "Designed and developed the entire extension in Javascript and JSON.",
        "action_flag": 1,
        "change_message": "[{\"added\": {}}]"
    }
},
{
    "model": "admin.logentry",
    "pk": 213,
    "fields": {
        "action_time": "2017-05-07T04:41:26.092Z",
        "user": 1,
        "content_type": 15,
        "object_id": "2",
        "object_repr": "Rocket City Sitters",
        "action_flag": 1,
        "change_message": "[{\"added\": {}}]"
    }
},
{
    "model": "admin.logentry",
    "pk": 214,
    "fields": {
        "action_time": "2017-05-07T04:42:11.382Z",
        "user": 1,
        "content_type": 14,
        "object_id": "43",
        "object_repr": "Designed and developed the entire website in HTML, CSS, Javascript, and PHP.",
        "action_flag": 1,
        "change_message": "[{\"added\": {}}]"
    }
},
{
    "model": "admin.logentry",
    "pk": 215,
    "fields": {
        "action_time": "2017-05-07T04:43:19.253Z",
        "user": 1,
        "content_type": 14,
        "object_id": "44",
        "object_repr": "Maintained and updated the site to keep up with new customer requirements such as adding sitter applications and dynamically integrating customer reviews.",
        "action_flag": 1,
        "change_message": "[{\"added\": {}}]"
    }
},
{
    "model": "admin.logentry",
    "pk": 216,
    "fields": {
        "action_time": "2017-05-07T05:04:41.863Z",
        "user": 1,
        "content_type": 17,
        "object_id": "58",
        "object_repr": "Chrome",
        "action_flag": 1,
        "change_message": "[{\"added\": {}}]"
    }
},
{
    "model": "admin.logentry",
    "pk": 217,
    "fields": {
        "action_time": "2017-05-07T05:04:45.115Z",
        "user": 1,
        "content_type": 15,
        "object_id": "1",
        "object_repr": "Ask.com Search Extension",
        "action_flag": 2,
        "change_message": "[]"
    }
},
{
    "model": "admin.logentry",
    "pk": 218,
    "fields": {
        "action_time": "2017-05-07T05:06:20.061Z",
        "user": 1,
        "content_type": 14,
        "object_id": "44",
        "object_repr": "Maintained and updated the site to keep up with new customer requirements such as adding sitter and family applications, contact forms, and dynamically integrating customer reviews.",
        "action_flag": 2,
        "change_message": "[{\"changed\": {\"fields\": [\"description\"]}}]"
    }
},
{
    "model": "admin.logentry",
    "pk": 219,
    "fields": {
        "action_time": "2017-05-08T02:50:04.920Z",
        "user": 1,
        "content_type": 15,
        "object_id": "1",
        "object_repr": "Ask.com Search Extension",
        "action_flag": 2,
        "change_message": "[{\"changed\": {\"fields\": [\"github_url\"]}}]"
    }
},
{
    "model": "admin.logentry",
    "pk": 220,
    "fields": {
        "action_time": "2017-05-08T03:44:42.201Z",
        "user": 1,
        "content_type": 15,
        "object_id": "2",
        "object_repr": "Rocket City Sitters",
        "action_flag": 2,
        "change_message": "[{\"changed\": {\"fields\": [\"github_url\"]}}]"
    }
},
{
    "model": "admin.logentry",
    "pk": 221,
    "fields": {
        "action_time": "2017-05-08T03:46:27.627Z",
        "user": 1,
        "content_type": 15,
        "object_id": "2",
        "object_repr": "Rocket City Sitters",
        "action_flag": 2,
        "change_message": "[{\"changed\": {\"fields\": [\"url\"]}}]"
    }
},
{
    "model": "admin.logentry",
    "pk": 222,
    "fields": {
        "action_time": "2017-05-08T03:53:47.841Z",
        "user": 1,
        "content_type": 15,
        "object_id": "2",
        "object_repr": "Rocket City Sitters",
        "action_flag": 2,
        "change_message": "[{\"changed\": {\"fields\": [\"url\"]}}]"
    }
},
{
    "model": "admin.logentry",
    "pk": 223,
    "fields": {
        "action_time": "2017-06-03T03:36:39.536Z",
        "user": 1,
        "content_type": 17,
        "object_id": "59",
        "object_repr": "Opera",
        "action_flag": 1,
        "change_message": "[{\"added\": {}}]"
    }
},
{
    "model": "admin.logentry",
    "pk": 224,
    "fields": {
        "action_time": "2017-06-03T03:36:51.556Z",
        "user": 1,
        "content_type": 17,
        "object_id": "60",
        "object_repr": "Microsoft Edge",
        "action_flag": 1,
        "change_message": "[{\"added\": {}}]"
    }
},
{
    "model": "admin.logentry",
    "pk": 225,
    "fields": {
        "action_time": "2017-06-03T03:36:58.032Z",
        "user": 1,
        "content_type": 17,
        "object_id": "61",
        "object_repr": "Firefox",
        "action_flag": 1,
        "change_message": "[{\"added\": {}}]"
    }
},
{
    "model": "admin.logentry",
    "pk": 226,
    "fields": {
        "action_time": "2017-06-03T03:37:04.110Z",
        "user": 1,
        "content_type": 15,
        "object_id": "1",
        "object_repr": "Ask.com Search Extension",
        "action_flag": 2,
        "change_message": "[]"
    }
},
{
    "model": "admin.logentry",
    "pk": 227,
    "fields": {
        "action_time": "2017-06-03T03:42:44.855Z",
        "user": 1,
        "content_type": 15,
        "object_id": "1",
        "object_repr": "Ask.com Search Extension",
        "action_flag": 2,
        "change_message": "[]"
    }
},
{
    "model": "admin.logentry",
    "pk": 228,
    "fields": {
        "action_time": "2017-06-03T03:43:26.566Z",
        "user": 1,
        "content_type": 14,
        "object_id": "45",
        "object_repr": "<a href=\"https://chrome.google.com/webstore/detail/askcom-search-extension/eifpckadbbkedodfeiddebnfelpldnab?hl=en-US&gl=US\">Chrome Extension</a>",
        "action_flag": 1,
        "change_message": "[{\"added\": {}}]"
    }
},
{
    "model": "admin.logentry",
    "pk": 229,
    "fields": {
        "action_time": "2017-06-03T03:44:28.786Z",
        "user": 1,
        "content_type": 14,
        "object_id": "46",
        "object_repr": "<a href=\"https://addons.mozilla.org/en-US/firefox/addon/ask-com-search-extension/\">Firefox Extension</a>",
        "action_flag": 1,
        "change_message": "[{\"added\": {}}]"
    }
},
{
    "model": "admin.logentry",
    "pk": 230,
    "fields": {
        "action_time": "2017-06-03T03:44:39.550Z",
        "user": 1,
        "content_type": 14,
        "object_id": "47",
        "object_repr": "<a href=\"https://github.com/nickweseman/ask-chrome-opera-firefox-extension\">Opera Extension</a>",
        "action_flag": 1,
        "change_message": "[{\"added\": {}}]"
    }
},
{
    "model": "admin.logentry",
    "pk": 231,
    "fields": {
        "action_time": "2017-06-03T03:45:18.966Z",
        "user": 1,
        "content_type": 14,
        "object_id": "48",
        "object_repr": "<a href=\"https://github.com/nickweseman/ask-edge-extension\">Microsoft Edge Extension</a>",
        "action_flag": 1,
        "change_message": "[{\"added\": {}}]"
    }
},
{
    "model": "admin.logentry",
    "pk": 232,
    "fields": {
        "action_time": "2017-06-03T03:45:56.821Z",
        "user": 1,
        "content_type": 14,
        "object_id": "45",
        "object_repr": "<a target=\"_blank\" href=\"https://chrome.google.com/webstore/detail/askcom-search-extension/eifpckadbbkedodfeiddebnfelpldnab?hl=en-US&gl=US\">Chrome Extension</a>",
        "action_flag": 2,
        "change_message": "[{\"changed\": {\"fields\": [\"description\"]}}]"
    }
},
{
    "model": "admin.logentry",
    "pk": 233,
    "fields": {
        "action_time": "2017-06-03T03:46:06.956Z",
        "user": 1,
        "content_type": 14,
        "object_id": "46",
        "object_repr": "<a target=\"_blank\" href=\"https://addons.mozilla.org/en-US/firefox/addon/ask-com-search-extension/\">Firefox Extension</a>",
        "action_flag": 2,
        "change_message": "[{\"changed\": {\"fields\": [\"description\"]}}]"
    }
},
{
    "model": "admin.logentry",
    "pk": 234,
    "fields": {
        "action_time": "2017-06-03T03:46:18.938Z",
        "user": 1,
        "content_type": 14,
        "object_id": "47",
        "object_repr": "<a target=\"_blank\" href=\"https://github.com/nickweseman/ask-chrome-opera-firefox-extension\">Opera Extension</a>",
        "action_flag": 2,
        "change_message": "[{\"changed\": {\"fields\": [\"description\"]}}]"
    }
},
{
    "model": "admin.logentry",
    "pk": 235,
    "fields": {
        "action_time": "2017-06-03T03:46:28.917Z",
        "user": 1,
        "content_type": 14,
        "object_id": "48",
        "object_repr": "<a target=\"_blank\" href=\"https://github.com/nickweseman/ask-edge-extension\">Microsoft Edge Extension</a>",
        "action_flag": 2,
        "change_message": "[{\"changed\": {\"fields\": [\"description\"]}}]"
    }
},
{
    "model": "admin.logentry",
    "pk": 236,
    "fields": {
        "action_time": "2017-06-03T03:48:31.834Z",
        "user": 1,
        "content_type": 14,
        "object_id": "47",
        "object_repr": "<a target=\"_blank\" href=\"https://github.com/nickweseman/ask-chrome-opera-firefox-extension\">Opera Extension</a>",
        "action_flag": 2,
        "change_message": "[{\"changed\": {\"fields\": [\"software\"]}}]"
    }
},
{
    "model": "admin.logentry",
    "pk": 237,
    "fields": {
        "action_time": "2017-06-03T03:58:36.210Z",
        "user": 1,
        "content_type": 15,
        "object_id": "3",
        "object_repr": "Robotman",
        "action_flag": 1,
        "change_message": "[{\"added\": {}}]"
    }
},
{
    "model": "admin.logentry",
    "pk": 238,
    "fields": {
        "action_time": "2017-06-03T03:59:30.046Z",
        "user": 1,
        "content_type": 14,
        "object_id": "49",
        "object_repr": "<a target=\"_blank\" href=\"https://chrome.google.com/webstore/detail/robotman/cjpdlmjbocfbhjgdpmfkcphkacmighmb?hl=en-US&gl=US\">Chrome Extension</a>",
        "action_flag": 1,
        "change_message": "[{\"added\": {}}]"
    }
},
{
    "model": "admin.logentry",
    "pk": 239,
    "fields": {
        "action_time": "2017-06-03T04:01:30.755Z",
        "user": 1,
        "content_type": 14,
        "object_id": "50",
        "object_repr": "<a target=\"_blank\" href=\"https://github.com/nickweseman/robotman\">Firefox Extension</a>",
        "action_flag": 1,
        "change_message": "[{\"added\": {}}]"
    }
},
{
    "model": "admin.logentry",
    "pk": 240,
    "fields": {
        "action_time": "2017-06-03T04:01:57.882Z",
        "user": 1,
        "content_type": 14,
        "object_id": "51",
        "object_repr": "<a target=\"_blank\" href=\"https://addons.opera.com/en/extensions/details/robotman/?display=en\">Opera Extension</a>",
        "action_flag": 1,
        "change_message": "[{\"added\": {}}]"
    }
},
{
    "model": "admin.logentry",
    "pk": 241,
    "fields": {
        "action_time": "2017-06-03T04:02:58.938Z",
        "user": 1,
        "content_type": 14,
        "object_id": "52",
        "object_repr": "Designed and developed the entire extension in Javascript and JSON.",
        "action_flag": 1,
        "change_message": "[{\"added\": {}}]"
    }
},
{
    "model": "admin.logentry",
    "pk": 242,
    "fields": {
        "action_time": "2017-06-03T04:11:59.468Z",
        "user": 1,
        "content_type": 17,
        "object_id": "62",
        "object_repr": "YAML",
        "action_flag": 1,
        "change_message": "[{\"added\": {}}]"
    }
},
{
    "model": "admin.logentry",
    "pk": 243,
    "fields": {
        "action_time": "2017-06-03T04:12:37.302Z",
        "user": 1,
        "content_type": 17,
        "object_id": "63",
        "object_repr": "Jupyter",
        "action_flag": 1,
        "change_message": "[{\"added\": {}}]"
    }
},
{
    "model": "admin.logentry",
    "pk": 244,
    "fields": {
        "action_time": "2017-06-03T04:13:05.325Z",
        "user": 1,
        "content_type": 17,
        "object_id": "64",
        "object_repr": "Sphinx",
        "action_flag": 1,
        "change_message": "[{\"added\": {}}]"
    }
},
{
    "model": "admin.logentry",
    "pk": 245,
    "fields": {
        "action_time": "2017-06-03T04:14:52.335Z",
        "user": 1,
        "content_type": 15,
        "object_id": "4",
        "object_repr": "IPython",
        "action_flag": 1,
        "change_message": "[{\"added\": {}}]"
    }
},
{
    "model": "admin.logentry",
    "pk": 246,
    "fields": {
        "action_time": "2017-06-03T04:18:29.776Z",
        "user": 1,
        "content_type": 14,
        "object_id": "53",
        "object_repr": "Open Source Contributor adding python enhancements, improving documentation generated in Sphinx, adding additional python tests and increasing existing code coverage.",
        "action_flag": 1,
        "change_message": "[{\"added\": {}}]"
    }
},
{
    "model": "admin.logentry",
    "pk": 247,
    "fields": {
        "action_time": "2017-06-03T04:21:34.858Z",
        "user": 1,
        "content_type": 14,
        "object_id": "54",
        "object_repr": "Implemented and tested a new alias feature for magic functions with parameters which allows users to alias magic functions with attached parameters, just as you would in a linux shell.  Additional par",
        "action_flag": 1,
        "change_message": "[{\"added\": {}}]"
    }
},
{
    "model": "admin.logentry",
    "pk": 248,
    "fields": {
        "action_time": "2017-06-03T04:28:07.469Z",
        "user": 1,
        "content_type": 14,
        "object_id": "55",
        "object_repr": "Over 2,000 downloads to date.",
        "action_flag": 1,
        "change_message": "[{\"added\": {}}]"
    }
},
{
    "model": "admin.logentry",
    "pk": 249,
    "fields": {
        "action_time": "2017-06-03T04:45:58.616Z",
        "user": 1,
        "content_type": 17,
        "object_id": "65",
        "object_repr": "LESS",
        "action_flag": 1,
        "change_message": "[{\"added\": {}}]"
    }
},
{
    "model": "admin.logentry",
    "pk": 250,
    "fields": {
        "action_time": "2017-06-03T04:46:51.974Z",
        "user": 1,
        "content_type": 15,
        "object_id": "5",
        "object_repr": "Professional Resume Website",
        "action_flag": 1,
        "change_message": "[{\"added\": {}}]"
    }
},
{
    "model": "admin.logentry",
    "pk": 251,
    "fields": {
        "action_time": "2017-06-03T04:47:25.821Z",
        "user": 1,
        "content_type": 17,
        "object_id": "65",
        "object_repr": "LESS",
        "action_flag": 3,
        "change_message": ""
    }
},
{
    "model": "admin.logentry",
    "pk": 252,
    "fields": {
        "action_time": "2017-06-03T04:58:54.616Z",
        "user": 1,
        "content_type": 17,
        "object_id": "66",
        "object_repr": "Bootstrap",
        "action_flag": 1,
        "change_message": "[{\"added\": {}}]"
    }
},
{
    "model": "admin.logentry",
    "pk": 253,
    "fields": {
        "action_time": "2017-06-03T04:58:56.153Z",
        "user": 1,
        "content_type": 15,
        "object_id": "5",
        "object_repr": "Professional Resume Website",
        "action_flag": 2,
        "change_message": "[]"
    }
},
{
    "model": "admin.logentry",
    "pk": 254,
    "fields": {
        "action_time": "2017-06-03T05:02:57.829Z",
        "user": 1,
        "content_type": 14,
        "object_id": "56",
        "object_repr": "Created UI design based on Bootstrap Freelancer with dynamic Javascript elements such as a top navigation bar that collapses/expands and dynamically highlights navigation elements with Scrollspy.",
        "action_flag": 1,
        "change_message": "[{\"added\": {}}]"
    }
},
{
    "model": "admin.logentry",
    "pk": 255,
    "fields": {
        "action_time": "2017-06-03T05:03:56.731Z",
        "user": 1,
        "content_type": 17,
        "object_id": "67",
        "object_repr": "jQuery",
        "action_flag": 1,
        "change_message": "[{\"added\": {}}]"
    }
},
{
    "model": "admin.logentry",
    "pk": 256,
    "fields": {
        "action_time": "2017-06-03T05:03:58.159Z",
        "user": 1,
        "content_type": 15,
        "object_id": "5",
        "object_repr": "Professional Resume Website",
        "action_flag": 2,
        "change_message": "[]"
    }
},
{
    "model": "admin.logentry",
    "pk": 257,
    "fields": {
        "action_time": "2017-06-03T05:05:23.349Z",
        "user": 1,
        "content_type": 14,
        "object_id": "57",
        "object_repr": "Added custom CSS in LESS with Font Awesome icons and responsive design based on window resizing.",
        "action_flag": 1,
        "change_message": "[{\"added\": {}}]"
    }
},
{
    "model": "admin.logentry",
    "pk": 258,
    "fields": {
        "action_time": "2017-06-03T05:08:15.622Z",
        "user": 1,
        "content_type": 17,
        "object_id": "68",
        "object_repr": "SQLite",
        "action_flag": 1,
        "change_message": "[{\"added\": {}}]"
    }
},
{
    "model": "admin.logentry",
    "pk": 259,
    "fields": {
        "action_time": "2017-06-03T05:08:18.151Z",
        "user": 1,
        "content_type": 15,
        "object_id": "5",
        "object_repr": "Professional Resume Website",
        "action_flag": 2,
        "change_message": "[]"
    }
},
{
    "model": "admin.logentry",
    "pk": 260,
    "fields": {
        "action_time": "2017-06-03T05:09:41.376Z",
        "user": 1,
        "content_type": 14,
        "object_id": "58",
        "object_repr": "Created a Django web app in python that connects to a My SQL (Production) or SQLite (Dev) database.",
        "action_flag": 1,
        "change_message": "[{\"added\": {}}]"
    }
},
{
    "model": "admin.logentry",
    "pk": 261,
    "fields": {
        "action_time": "2017-06-03T05:12:01.840Z",
        "user": 1,
        "content_type": 14,
        "object_id": "59",
        "object_repr": "Designed custom administration portal with advanced sorting/filtering including authentication.  This allows dynamic code and sql script generation to be managed in an easy-to-use web UI.",
        "action_flag": 1,
        "change_message": "[{\"added\": {}}]"
    }
},
{
    "model": "admin.logentry",
    "pk": 262,
    "fields": {
        "action_time": "2017-06-03T05:16:34.269Z",
        "user": 1,
        "content_type": 14,
        "object_id": "52",
        "object_repr": "Designed and developed the entire extension in Javascript, HTML 5, CSS, and JSON.",
        "action_flag": 2,
        "change_message": "[{\"changed\": {\"fields\": [\"description\"]}}]"
    }
},
{
    "model": "admin.logentry",
    "pk": 263,
    "fields": {
        "action_time": "2017-06-03T05:18:55.755Z",
        "user": 1,
        "content_type": 14,
        "object_id": "60",
        "object_repr": "Designed custom Javascript game engine which draws on an HTML 5 canvas with infinite scrolling.",
        "action_flag": 1,
        "change_message": "[{\"added\": {}}]"
    }
},
{
    "model": "admin.logentry",
    "pk": 264,
    "fields": {
        "action_time": "2017-06-03T05:20:11.393Z",
        "user": 1,
        "content_type": 15,
        "object_id": "3",
        "object_repr": "Robotman",
        "action_flag": 2,
        "change_message": "[]"
    }
},
{
    "model": "admin.logentry",
    "pk": 265,
    "fields": {
        "action_time": "2017-06-04T01:22:32.551Z",
        "user": 1,
        "content_type": 12,
        "object_id": "4",
        "object_repr": "Resume (Word)",
        "action_flag": 1,
        "change_message": "[{\"added\": {}}]"
    }
},
{
    "model": "admin.logentry",
    "pk": 266,
    "fields": {
        "action_time": "2017-06-04T01:22:59.802Z",
        "user": 1,
        "content_type": 12,
        "object_id": "5",
        "object_repr": "Resume (PDF)",
        "action_flag": 1,
        "change_message": "[{\"added\": {}}]"
    }
},
{
    "model": "admin.logentry",
    "pk": 267,
    "fields": {
        "action_time": "2017-06-04T01:23:50.143Z",
        "user": 1,
        "content_type": 12,
        "object_id": "4",
        "object_repr": "Resume (Word)",
        "action_flag": 2,
        "change_message": "[{\"changed\": {\"fields\": [\"icon\"]}}]"
    }
},
{
    "model": "admin.logentry",
    "pk": 268,
    "fields": {
        "action_time": "2017-06-04T01:23:54.443Z",
        "user": 1,
        "content_type": 12,
        "object_id": "5",
        "object_repr": "Resume (PDF)",
        "action_flag": 2,
        "change_message": "[{\"changed\": {\"fields\": [\"icon\"]}}]"
    }
},
{
    "model": "admin.logentry",
    "pk": 269,
    "fields": {
        "action_time": "2017-06-04T01:27:38.356Z",
        "user": 1,
        "content_type": 12,
        "object_id": "4",
        "object_repr": "Resume (Word)",
        "action_flag": 2,
        "change_message": "[{\"changed\": {\"fields\": [\"url\"]}}]"
    }
},
{
    "model": "admin.logentry",
    "pk": 270,
    "fields": {
        "action_time": "2017-06-04T01:27:45.586Z",
        "user": 1,
        "content_type": 12,
        "object_id": "5",
        "object_repr": "Resume (PDF)",
        "action_flag": 2,
        "change_message": "[{\"changed\": {\"fields\": [\"url\"]}}]"
    }
},
{
    "model": "admin.logentry",
    "pk": 271,
    "fields": {
        "action_time": "2017-06-04T02:30:27.805Z",
        "user": 1,
        "content_type": 9,
        "object_id": "4",
        "object_repr": "Textron",
        "action_flag": 2,
        "change_message": "[{\"changed\": {\"fields\": [\"description\"]}}]"
    }
},
{
    "model": "admin.logentry",
    "pk": 272,
    "fields": {
        "action_time": "2017-06-04T03:30:14.876Z",
        "user": 1,
        "content_type": 12,
        "object_id": "4",
        "object_repr": "R\u00e9sum\u00e9 (Word)",
        "action_flag": 2,
        "change_message": "[{\"changed\": {\"fields\": [\"website\"]}}]"
    }
},
{
    "model": "admin.logentry",
    "pk": 273,
    "fields": {
        "action_time": "2017-06-04T03:30:21.974Z",
        "user": 1,
        "content_type": 12,
        "object_id": "5",
        "object_repr": "R\u00e9sum\u00e9 (PDF)",
        "action_flag": 2,
        "change_message": "[{\"changed\": {\"fields\": [\"website\"]}}]"
    }
},
{
    "model": "admin.logentry",
    "pk": 274,
    "fields": {
        "action_time": "2017-06-04T03:36:21.023Z",
        "user": 1,
        "content_type": 17,
        "object_id": "69",
        "object_repr": "Django",
        "action_flag": 1,
        "change_message": "[{\"added\": {}}]"
    }
},
{
    "model": "admin.logentry",
    "pk": 275,
    "fields": {
        "action_time": "2017-06-04T03:36:22.649Z",
        "user": 1,
        "content_type": 15,
        "object_id": "5",
        "object_repr": "Professional Resume Website",
        "action_flag": 2,
        "change_message": "[]"
    }
},
{
    "model": "admin.logentry",
    "pk": 276,
    "fields": {
        "action_time": "2017-06-04T16:53:27.964Z",
        "user": 1,
        "content_type": 14,
        "object_id": "10",
        "object_repr": "Improved proprietary search algorithm to increase search results performance by 75%.",
        "action_flag": 2,
        "change_message": "[{\"changed\": {\"fields\": [\"experience\"]}}]"
    }
},
{
    "model": "admin.logentry",
    "pk": 277,
    "fields": {
        "action_time": "2017-06-04T22:28:53.257Z",
        "user": 1,
        "content_type": 19,
        "object_id": "1",
        "object_repr": "nickweseman@yahoo.com",
        "action_flag": 1,
        "change_message": "[{\"added\": {}}]"
    }
},
{
    "model": "admin.logentry",
    "pk": 278,
    "fields": {
        "action_time": "2017-06-04T22:38:07.549Z",
        "user": 1,
        "content_type": 19,
        "object_id": "1",
        "object_repr": "&#110;&#105;&#099;&#107;&#119;&#101;&#115;&#101;&#109;&#097;&#110;&#064;&#121;&#097;&#104;&#111;&#11",
        "action_flag": 2,
        "change_message": "[{\"changed\": {\"fields\": [\"email\"]}}]"
    }
},
{
    "model": "admin.logentry",
    "pk": 279,
    "fields": {
        "action_time": "2017-06-04T22:41:16.301Z",
        "user": 1,
        "content_type": 19,
        "object_id": "1",
        "object_repr": "&#110;&#105;&#099;&#107;&#119;&#101;&#115;&#101;&#109;&#097;&#110;&#064;&#121;&#097;&#104;&#111;&#111;&#046;&#099;&#111;&#109;",
        "action_flag": 2,
        "change_message": "[{\"changed\": {\"fields\": [\"email\"]}}]"
    }
},
{
    "model": "admin.logentry",
    "pk": 280,
    "fields": {
        "action_time": "2017-06-05T05:14:11.452Z",
        "user": 1,
        "content_type": 14,
        "object_id": "40",
        "object_repr": "Implement bug fixes in C++ to enhance on-demand caching and collision detection.",
        "action_flag": 2,
        "change_message": "[{\"changed\": {\"fields\": [\"description\"]}}]"
    }
},
{
    "model": "admin.logentry",
    "pk": 281,
    "fields": {
        "action_time": "2017-06-05T05:15:36.584Z",
        "user": 1,
        "content_type": 14,
        "object_id": "4",
        "object_repr": "Design and implement a process to automatically generate quarterly regulatory filings using Java,  JAXB, and XJC (turning a manual process requiring 2 people for 1 week into seconds).",
        "action_flag": 2,
        "change_message": "[{\"changed\": {\"fields\": [\"description\"]}}]"
    }
},
{
    "model": "admin.logentry",
    "pk": 282,
    "fields": {
        "action_time": "2017-06-05T05:15:41.019Z",
        "user": 1,
        "content_type": 14,
        "object_id": "2",
        "object_repr": "Develop an automatic data import framework using Java, SQL, & Clojure.",
        "action_flag": 2,
        "change_message": "[{\"changed\": {\"fields\": [\"description\"]}}]"
    }
},
{
    "model": "admin.logentry",
    "pk": 283,
    "fields": {
        "action_time": "2017-06-05T05:29:23.081Z",
        "user": 1,
        "content_type": 9,
        "object_id": "1",
        "object_repr": "Two Sigma Investments",
        "action_flag": 2,
        "change_message": "[]"
    }
},
{
    "model": "admin.logentry",
    "pk": 284,
    "fields": {
        "action_time": "2017-06-05T05:29:34.225Z",
        "user": 1,
        "content_type": 11,
        "object_id": "4",
        "object_repr": "iOS",
        "action_flag": 2,
        "change_message": "[{\"changed\": {\"fields\": [\"name\"]}}]"
    }
},
{
    "model": "admin.logentry",
    "pk": 285,
    "fields": {
        "action_time": "2017-06-05T05:30:28.754Z",
        "user": 1,
        "content_type": 15,
        "object_id": "3",
        "object_repr": "Robotman",
        "action_flag": 2,
        "change_message": "[{\"changed\": {\"fields\": [\"description\"]}}]"
    }
},
{
    "model": "admin.logentry",
    "pk": 286,
    "fields": {
        "action_time": "2017-06-05T05:30:43.685Z",
        "user": 1,
        "content_type": 15,
        "object_id": "5",
        "object_repr": "Professional Resume Website",
        "action_flag": 2,
        "change_message": "[{\"changed\": {\"fields\": [\"description\"]}}]"
    }
},
{
    "model": "admin.logentry",
    "pk": 287,
    "fields": {
        "action_time": "2017-06-05T05:31:18.552Z",
        "user": 1,
        "content_type": 14,
        "object_id": "42",
        "object_repr": "Designed and developed the entire extension in JavaScript and JSON.",
        "action_flag": 2,
        "change_message": "[{\"changed\": {\"fields\": [\"description\"]}}]"
    }
},
{
    "model": "admin.logentry",
    "pk": 288,
    "fields": {
        "action_time": "2017-06-05T05:31:28.555Z",
        "user": 1,
        "content_type": 14,
        "object_id": "43",
        "object_repr": "Designed and developed the entire website in HTML, CSS, JavaScript, and PHP.",
        "action_flag": 2,
        "change_message": "[{\"changed\": {\"fields\": [\"description\"]}}]"
    }
},
{
    "model": "admin.logentry",
    "pk": 289,
    "fields": {
        "action_time": "2017-06-05T05:31:39.146Z",
        "user": 1,
        "content_type": 14,
        "object_id": "52",
        "object_repr": "Designed and developed the entire extension in JavaScript, HTML 5, CSS, and JSON.",
        "action_flag": 2,
        "change_message": "[{\"changed\": {\"fields\": [\"description\"]}}]"
    }
},
{
    "model": "admin.logentry",
    "pk": 290,
    "fields": {
        "action_time": "2017-06-05T05:31:48.681Z",
        "user": 1,
        "content_type": 14,
        "object_id": "60",
        "object_repr": "Designed custom JavaScript game engine which draws on an HTML 5 canvas with infinite scrolling.",
        "action_flag": 2,
        "change_message": "[{\"changed\": {\"fields\": [\"description\"]}}]"
    }
},
{
    "model": "admin.logentry",
    "pk": 291,
    "fields": {
        "action_time": "2017-06-05T05:31:59.539Z",
        "user": 1,
        "content_type": 14,
        "object_id": "56",
        "object_repr": "Created UI design based on Bootstrap Freelancer with dynamic JavaScript elements such as a top navigation bar that collapses/expands and dynamically highlights navigation elements with Scrollspy.",
        "action_flag": 2,
        "change_message": "[{\"changed\": {\"fields\": [\"description\"]}}]"
    }
},
{
    "model": "admin.logentry",
    "pk": 292,
    "fields": {
        "action_time": "2017-06-05T05:54:42.134Z",
        "user": 1,
        "content_type": 17,
        "object_id": "70",
        "object_repr": "Groovy",
        "action_flag": 1,
        "change_message": "[{\"added\": {}}]"
    }
},
{
    "model": "admin.logentry",
    "pk": 293,
    "fields": {
        "action_time": "2017-06-05T05:54:43.638Z",
        "user": 1,
        "content_type": 10,
        "object_id": "70",
        "object_repr": "Groovy",
        "action_flag": 1,
        "change_message": "[{\"added\": {}}]"
    }
},
{
    "model": "admin.logentry",
    "pk": 294,
    "fields": {
        "action_time": "2017-06-10T17:39:40.949Z",
        "user": 1,
        "content_type": 10,
        "object_id": "10",
        "object_repr": "UML",
        "action_flag": 3,
        "change_message": ""
    }
},
{
    "model": "admin.logentry",
    "pk": 295,
    "fields": {
        "action_time": "2017-06-10T17:39:40.959Z",
        "user": 1,
        "content_type": 10,
        "object_id": "13",
        "object_repr": "XHTML",
        "action_flag": 3,
        "change_message": ""
    }
},
{
    "model": "admin.logentry",
    "pk": 296,
    "fields": {
        "action_time": "2017-06-10T17:43:16.916Z",
        "user": 1,
        "content_type": 18,
        "object_id": "1",
        "object_repr": "IntelliJ",
        "action_flag": 1,
        "change_message": "[{\"added\": {}}]"
    }
},
{
    "model": "admin.logentry",
    "pk": 297,
    "fields": {
        "action_time": "2017-06-10T17:43:22.670Z",
        "user": 1,
        "content_type": 18,
        "object_id": "2",
        "object_repr": "Eclipse",
        "action_flag": 1,
        "change_message": "[{\"added\": {}}]"
    }
},
{
    "model": "admin.logentry",
    "pk": 298,
    "fields": {
        "action_time": "2017-06-10T17:43:26.362Z",
        "user": 1,
        "content_type": 18,
        "object_id": "3",
        "object_repr": "Visual Studio",
        "action_flag": 1,
        "change_message": "[{\"added\": {}}]"
    }
},
{
    "model": "admin.logentry",
    "pk": 299,
    "fields": {
        "action_time": "2017-06-10T17:43:38.284Z",
        "user": 1,
        "content_type": 18,
        "object_id": "4",
        "object_repr": "Vim",
        "action_flag": 1,
        "change_message": "[{\"added\": {}}]"
    }
},
{
    "model": "admin.logentry",
    "pk": 300,
    "fields": {
        "action_time": "2017-06-10T17:43:46.782Z",
        "user": 1,
        "content_type": 18,
        "object_id": "5",
        "object_repr": "Rational Software Modeler",
        "action_flag": 1,
        "change_message": "[{\"added\": {}}]"
    }
},
{
    "model": "admin.logentry",
    "pk": 301,
    "fields": {
        "action_time": "2017-06-10T17:43:55.245Z",
        "user": 1,
        "content_type": 18,
        "object_id": "6",
        "object_repr": "Rational Software Architect",
        "action_flag": 1,
        "change_message": "[{\"added\": {}}]"
    }
},
{
    "model": "admin.logentry",
    "pk": 302,
    "fields": {
        "action_time": "2017-06-10T17:43:57.329Z",
        "user": 1,
        "content_type": 18,
        "object_id": "7",
        "object_repr": "Unity",
        "action_flag": 1,
        "change_message": "[{\"added\": {}}]"
    }
},
{
    "model": "admin.logentry",
    "pk": 303,
    "fields": {
        "action_time": "2017-06-10T17:44:00.790Z",
        "user": 1,
        "content_type": 18,
        "object_id": "8",
        "object_repr": "JDeveloper",
        "action_flag": 1,
        "change_message": "[{\"added\": {}}]"
    }
},
{
    "model": "admin.logentry",
    "pk": 304,
    "fields": {
        "action_time": "2017-06-10T17:44:03.549Z",
        "user": 1,
        "content_type": 18,
        "object_id": "9",
        "object_repr": "ClearCase",
        "action_flag": 1,
        "change_message": "[{\"added\": {}}]"
    }
},
{
    "model": "admin.logentry",
    "pk": 305,
    "fields": {
        "action_time": "2017-06-10T17:44:06.922Z",
        "user": 1,
        "content_type": 18,
        "object_id": "10",
        "object_repr": "SQL Server",
        "action_flag": 1,
        "change_message": "[{\"added\": {}}]"
    }
},
{
    "model": "admin.logentry",
    "pk": 306,
    "fields": {
        "action_time": "2017-06-10T17:44:10.219Z",
        "user": 1,
        "content_type": 18,
        "object_id": "11",
        "object_repr": "Agitator",
        "action_flag": 1,
        "change_message": "[{\"added\": {}}]"
    }
},
{
    "model": "admin.logentry",
    "pk": 307,
    "fields": {
        "action_time": "2017-06-10T17:44:12.305Z",
        "user": 1,
        "content_type": 18,
        "object_id": "12",
        "object_repr": "Clover",
        "action_flag": 1,
        "change_message": "[{\"added\": {}}]"
    }
},
{
    "model": "admin.logentry",
    "pk": 308,
    "fields": {
        "action_time": "2017-06-10T17:44:14.946Z",
        "user": 1,
        "content_type": 18,
        "object_id": "13",
        "object_repr": "DOORS",
        "action_flag": 1,
        "change_message": "[{\"added\": {}}]"
    }
},
{
    "model": "admin.logentry",
    "pk": 309,
    "fields": {
        "action_time": "2017-06-10T17:44:20.457Z",
        "user": 1,
        "content_type": 18,
        "object_id": "14",
        "object_repr": "Solipsys TDF/MSCT",
        "action_flag": 1,
        "change_message": "[{\"added\": {}}]"
    }
},
{
    "model": "admin.logentry",
    "pk": 310,
    "fields": {
        "action_time": "2017-06-10T17:44:23.306Z",
        "user": 1,
        "content_type": 18,
        "object_id": "15",
        "object_repr": "Klocwork",
        "action_flag": 1,
        "change_message": "[{\"added\": {}}]"
    }
},
{
    "model": "admin.logentry",
    "pk": 311,
    "fields": {
        "action_time": "2017-06-10T17:44:26.059Z",
        "user": 1,
        "content_type": 18,
        "object_id": "16",
        "object_repr": "EMMA",
        "action_flag": 1,
        "change_message": "[{\"added\": {}}]"
    }
},
{
    "model": "admin.logentry",
    "pk": 312,
    "fields": {
        "action_time": "2017-06-10T17:44:28.392Z",
        "user": 1,
        "content_type": 18,
        "object_id": "17",
        "object_repr": "WCF",
        "action_flag": 1,
        "change_message": "[{\"added\": {}}]"
    }
},
{
    "model": "admin.logentry",
    "pk": 313,
    "fields": {
        "action_time": "2017-06-10T17:44:31.507Z",
        "user": 1,
        "content_type": 18,
        "object_id": "18",
        "object_repr": "WPF",
        "action_flag": 1,
        "change_message": "[{\"added\": {}}]"
    }
},
{
    "model": "admin.logentry",
    "pk": 314,
    "fields": {
        "action_time": "2017-06-10T17:44:33.583Z",
        "user": 1,
        "content_type": 18,
        "object_id": "19",
        "object_repr": "Apache",
        "action_flag": 1,
        "change_message": "[{\"added\": {}}]"
    }
},
{
    "model": "admin.logentry",
    "pk": 315,
    "fields": {
        "action_time": "2017-06-10T17:44:36.443Z",
        "user": 1,
        "content_type": 18,
        "object_id": "20",
        "object_repr": "LAMP",
        "action_flag": 1,
        "change_message": "[{\"added\": {}}]"
    }
},
{
    "model": "admin.logentry",
    "pk": 316,
    "fields": {
        "action_time": "2017-06-10T17:44:38.594Z",
        "user": 1,
        "content_type": 18,
        "object_id": "21",
        "object_repr": "WAMP",
        "action_flag": 1,
        "change_message": "[{\"added\": {}}]"
    }
},
{
    "model": "admin.logentry",
    "pk": 317,
    "fields": {
        "action_time": "2017-06-10T17:44:41.589Z",
        "user": 1,
        "content_type": 18,
        "object_id": "22",
        "object_repr": "ClearQuest",
        "action_flag": 1,
        "change_message": "[{\"added\": {}}]"
    }
},
{
    "model": "admin.logentry",
    "pk": 318,
    "fields": {
        "action_time": "2017-06-10T17:44:43.653Z",
        "user": 1,
        "content_type": 18,
        "object_id": "23",
        "object_repr": "Lucy",
        "action_flag": 1,
        "change_message": "[{\"added\": {}}]"
    }
},
{
    "model": "admin.logentry",
    "pk": 319,
    "fields": {
        "action_time": "2017-06-10T17:44:47.250Z",
        "user": 1,
        "content_type": 18,
        "object_id": "24",
        "object_repr": "LuciadMap",
        "action_flag": 1,
        "change_message": "[{\"added\": {}}]"
    }
},
{
    "model": "admin.logentry",
    "pk": 320,
    "fields": {
        "action_time": "2017-06-10T17:44:52.970Z",
        "user": 1,
        "content_type": 18,
        "object_id": "25",
        "object_repr": "Quick Test Professional",
        "action_flag": 1,
        "change_message": "[{\"added\": {}}]"
    }
},
{
    "model": "admin.logentry",
    "pk": 321,
    "fields": {
        "action_time": "2017-06-10T17:44:56.981Z",
        "user": 1,
        "content_type": 18,
        "object_id": "26",
        "object_repr": "Oracle",
        "action_flag": 1,
        "change_message": "[{\"added\": {}}]"
    }
},
{
    "model": "admin.logentry",
    "pk": 322,
    "fields": {
        "action_time": "2017-06-10T17:45:01.613Z",
        "user": 1,
        "content_type": 18,
        "object_id": "27",
        "object_repr": "3D Studio Max",
        "action_flag": 1,
        "change_message": "[{\"added\": {}}]"
    }
},
{
    "model": "admin.logentry",
    "pk": 323,
    "fields": {
        "action_time": "2017-06-10T17:45:06.769Z",
        "user": 1,
        "content_type": 18,
        "object_id": "28",
        "object_repr": "Siebel Tools",
        "action_flag": 1,
        "change_message": "[{\"added\": {}}]"
    }
},
{
    "model": "admin.logentry",
    "pk": 324,
    "fields": {
        "action_time": "2017-06-10T17:45:08.700Z",
        "user": 1,
        "content_type": 18,
        "object_id": "29",
        "object_repr": "Ant",
        "action_flag": 1,
        "change_message": "[{\"added\": {}}]"
    }
},
{
    "model": "admin.logentry",
    "pk": 325,
    "fields": {
        "action_time": "2017-06-10T17:45:11.253Z",
        "user": 1,
        "content_type": 18,
        "object_id": "30",
        "object_repr": "Maven",
        "action_flag": 1,
        "change_message": "[{\"added\": {}}]"
    }
},
{
    "model": "admin.logentry",
    "pk": 326,
    "fields": {
        "action_time": "2017-06-10T17:45:13.647Z",
        "user": 1,
        "content_type": 18,
        "object_id": "31",
        "object_repr": "Gradle",
        "action_flag": 1,
        "change_message": "[{\"added\": {}}]"
    }
},
{
    "model": "admin.logentry",
    "pk": 327,
    "fields": {
        "action_time": "2017-06-10T17:45:15.681Z",
        "user": 1,
        "content_type": 18,
        "object_id": "32",
        "object_repr": "Git",
        "action_flag": 1,
        "change_message": "[{\"added\": {}}]"
    }
},
{
    "model": "admin.logentry",
    "pk": 328,
    "fields": {
        "action_time": "2017-06-10T17:45:24.717Z",
        "user": 1,
        "content_type": 18,
        "object_id": "33",
        "object_repr": "Mercurial",
        "action_flag": 1,
        "change_message": "[{\"added\": {}}]"
    }
},
{
    "model": "admin.logentry",
    "pk": 329,
    "fields": {
        "action_time": "2017-06-10T17:56:04.816Z",
        "user": 1,
        "content_type": 9,
        "object_id": "3",
        "object_repr": "Raytheon",
        "action_flag": 2,
        "change_message": "[{\"changed\": {\"fields\": [\"description\"]}}]"
    }
},
{
    "model": "admin.logentry",
    "pk": 330,
    "fields": {
        "action_time": "2017-06-10T17:57:31.548Z",
        "user": 1,
        "content_type": 18,
        "object_id": "34",
        "object_repr": "Bonitasoft",
        "action_flag": 1,
        "change_message": "[{\"added\": {}}]"
    }
},
{
    "model": "admin.logentry",
    "pk": 331,
    "fields": {
        "action_time": "2017-06-10T17:58:40.076Z",
        "user": 1,
        "content_type": 18,
        "object_id": "35",
        "object_repr": "Lawson",
        "action_flag": 1,
        "change_message": "[{\"added\": {}}]"
    }
},
{
    "model": "admin.logentry",
    "pk": 332,
    "fields": {
        "action_time": "2017-06-10T18:25:53.432Z",
        "user": 1,
        "content_type": 7,
        "object_id": "6",
        "object_repr": "Top 1% on Stack Overflow",
        "action_flag": 1,
        "change_message": "[{\"added\": {}}]"
    }
},
{
    "model": "admin.logentry",
    "pk": 333,
    "fields": {
        "action_time": "2017-06-10T18:43:58.780Z",
        "user": 1,
        "content_type": 18,
        "object_id": "36",
        "object_repr": "Hazeltree",
        "action_flag": 1,
        "change_message": "[{\"added\": {}}]"
    }
},
{
    "model": "admin.logentry",
    "pk": 334,
    "fields": {
        "action_time": "2017-06-10T18:49:52.663Z",
        "user": 1,
        "content_type": 14,
        "object_id": "1",
        "object_repr": "Serve as team lead for the Accounting & Treasury team dedicated to supporting various back office projects such as Cash Management and Fund Performance Reporting.",
        "action_flag": 3,
        "change_message": ""
    }
},
{
    "model": "admin.logentry",
    "pk": 335,
    "fields": {
        "action_time": "2017-06-10T18:49:52.675Z",
        "user": 1,
        "content_type": 14,
        "object_id": "2",
        "object_repr": "Develop an automatic data import framework using Java, SQL, & Clojure.",
        "action_flag": 3,
        "change_message": ""
    }
},
{
    "model": "admin.logentry",
    "pk": 336,
    "fields": {
        "action_time": "2017-06-10T18:49:52.687Z",
        "user": 1,
        "content_type": 14,
        "object_id": "3",
        "object_repr": "Improve custom margin management and portfolio rebalancing system in VBA & SQL.",
        "action_flag": 3,
        "change_message": ""
    }
},
{
    "model": "admin.logentry",
    "pk": 337,
    "fields": {
        "action_time": "2017-06-10T18:49:52.700Z",
        "user": 1,
        "content_type": 14,
        "object_id": "4",
        "object_repr": "Design and implement a process to automatically generate quarterly regulatory filings using Java,  JAXB, and XJC (turning a manual process requiring 2 people for 1 week into seconds).",
        "action_flag": 3,
        "change_message": ""
    }
},
{
    "model": "admin.logentry",
    "pk": 338,
    "fields": {
        "action_time": "2017-06-10T18:53:05.233Z",
        "user": 1,
        "content_type": 17,
        "object_id": "71",
        "object_repr": "JAXB",
        "action_flag": 1,
        "change_message": "[{\"added\": {}}]"
    }
},
{
    "model": "admin.logentry",
    "pk": 339,
    "fields": {
        "action_time": "2017-06-10T18:53:11.043Z",
        "user": 1,
        "content_type": 17,
        "object_id": "72",
        "object_repr": "XJC",
        "action_flag": 1,
        "change_message": "[{\"added\": {}}]"
    }
},
{
    "model": "admin.logentry",
    "pk": 340,
    "fields": {
        "action_time": "2017-06-10T18:53:16.909Z",
        "user": 1,
        "content_type": 17,
        "object_id": "73",
        "object_repr": "AngularJS",
        "action_flag": 1,
        "change_message": "[{\"added\": {}}]"
    }
},
{
    "model": "admin.logentry",
    "pk": 341,
    "fields": {
        "action_time": "2017-06-10T18:53:38.590Z",
        "user": 1,
        "content_type": 13,
        "object_id": "8",
        "object_repr": "Accounting Engineering (Lead)",
        "action_flag": 1,
        "change_message": "[{\"added\": {}}]"
    }
},
{
    "model": "admin.logentry",
    "pk": 342,
    "fields": {
        "action_time": "2017-06-10T18:53:54.649Z",
        "user": 1,
        "content_type": 13,
        "object_id": "5",
        "object_repr": "ePOMT (Lead)",
        "action_flag": 2,
        "change_message": "[{\"changed\": {\"fields\": [\"name\"]}}]"
    }
},
{
    "model": "admin.logentry",
    "pk": 343,
    "fields": {
        "action_time": "2017-06-10T18:55:45.887Z",
        "user": 1,
        "content_type": 13,
        "object_id": "9",
        "object_repr": "Treasury Engineering (Lead)",
        "action_flag": 1,
        "change_message": "[{\"added\": {}}]"
    }
},
{
    "model": "admin.logentry",
    "pk": 344,
    "fields": {
        "action_time": "2017-06-10T18:56:20.171Z",
        "user": 1,
        "content_type": 17,
        "object_id": "74",
        "object_repr": "Jetty",
        "action_flag": 1,
        "change_message": "[{\"added\": {}}]"
    }
},
{
    "model": "admin.logentry",
    "pk": 345,
    "fields": {
        "action_time": "2017-06-10T18:56:26.499Z",
        "user": 1,
        "content_type": 17,
        "object_id": "75",
        "object_repr": "Jackson",
        "action_flag": 1,
        "change_message": "[{\"added\": {}}]"
    }
},
{
    "model": "admin.logentry",
    "pk": 346,
    "fields": {
        "action_time": "2017-06-10T18:56:30.663Z",
        "user": 1,
        "content_type": 17,
        "object_id": "76",
        "object_repr": "Guice",
        "action_flag": 1,
        "change_message": "[{\"added\": {}}]"
    }
},
{
    "model": "admin.logentry",
    "pk": 347,
    "fields": {
        "action_time": "2017-06-10T18:56:37.267Z",
        "user": 1,
        "content_type": 17,
        "object_id": "77",
        "object_repr": "Hibernate",
        "action_flag": 1,
        "change_message": "[{\"added\": {}}]"
    }
},
{
    "model": "admin.logentry",
    "pk": 348,
    "fields": {
        "action_time": "2017-06-10T18:56:46.145Z",
        "user": 1,
        "content_type": 17,
        "object_id": "78",
        "object_repr": "Jersey",
        "action_flag": 1,
        "change_message": "[{\"added\": {}}]"
    }
},
{
    "model": "admin.logentry",
    "pk": 349,
    "fields": {
        "action_time": "2017-06-10T18:57:25.757Z",
        "user": 1,
        "content_type": 13,
        "object_id": "10",
        "object_repr": "Corporate Platforms",
        "action_flag": 1,
        "change_message": "[{\"added\": {}}]"
    }
},
{
    "model": "admin.logentry",
    "pk": 350,
    "fields": {
        "action_time": "2017-06-10T18:58:23.962Z",
        "user": 1,
        "content_type": 13,
        "object_id": "11",
        "object_repr": "Corporate Engineering",
        "action_flag": 1,
        "change_message": "[{\"added\": {}}]"
    }
},
{
    "model": "admin.logentry",
    "pk": 351,
    "fields": {
        "action_time": "2017-06-10T18:58:54.419Z",
        "user": 1,
        "content_type": 14,
        "object_id": "61",
        "object_repr": "Serve as scrum master for a Java project to completely rewrite the monthly reapportionment process including processing subscriptions/redemptions, fee crystallization, and dividends.",
        "action_flag": 1,
        "change_message": "[{\"added\": {}}]"
    }
},
{
    "model": "admin.logentry",
    "pk": 352,
    "fields": {
        "action_time": "2017-06-10T18:59:09.329Z",
        "user": 1,
        "content_type": 14,
        "object_id": "62",
        "object_repr": "Create a front-end web app written in AngularJS to generate participation interest statements.",
        "action_flag": 1,
        "change_message": "[{\"added\": {}}]"
    }
},
{
    "model": "admin.logentry",
    "pk": 353,
    "fields": {
        "action_time": "2017-06-10T18:59:21.456Z",
        "user": 1,
        "content_type": 14,
        "object_id": "63",
        "object_repr": "Design and implement a process to automatically generate quarterly regulatory filings using Java, JAXB, and XJC turning a manual process requiring 2 people for 1 week into seconds.",
        "action_flag": 1,
        "change_message": "[{\"added\": {}}]"
    }
},
{
    "model": "admin.logentry",
    "pk": 354,
    "fields": {
        "action_time": "2017-06-10T18:59:33.636Z",
        "user": 1,
        "content_type": 14,
        "object_id": "64",
        "object_repr": "Develop a reconciliation framework in Python and pandas that turns a manual reconciliation process into an exception-based automatic process saving 10 hours every month.",
        "action_flag": 1,
        "change_message": "[{\"added\": {}}]"
    }
},
{
    "model": "admin.logentry",
    "pk": 355,
    "fields": {
        "action_time": "2017-06-10T18:59:45.957Z",
        "user": 1,
        "content_type": 14,
        "object_id": "65",
        "object_repr": "Implement a workflow in Bonitasoft using Groovy and SQL for automatic payment processing.",
        "action_flag": 1,
        "change_message": "[{\"added\": {}}]"
    }
},
{
    "model": "admin.logentry",
    "pk": 356,
    "fields": {
        "action_time": "2017-06-10T19:00:03.821Z",
        "user": 1,
        "content_type": 14,
        "object_id": "66",
        "object_repr": "Create automated process to interact with Lawson GL to generate and automatically reconcile all incoming and outgoing ACH, Check, and wire transfers replacing a manual daily process requiring multiple",
        "action_flag": 1,
        "change_message": "[{\"added\": {}}]"
    }
},
{
    "model": "admin.logentry",
    "pk": 357,
    "fields": {
        "action_time": "2017-06-10T19:00:22.026Z",
        "user": 1,
        "content_type": 14,
        "object_id": "67",
        "object_repr": "Developed an automatic configuration-based data import framework using Java & Clojure which downloads thousands of files via SFTP and transforms them into a SQL Server database.",
        "action_flag": 1,
        "change_message": "[{\"added\": {}}]"
    }
},
{
    "model": "admin.logentry",
    "pk": 358,
    "fields": {
        "action_time": "2017-06-10T19:00:34.749Z",
        "user": 1,
        "content_type": 14,
        "object_id": "68",
        "object_repr": "Constructed a custom Windows Authentication Provider in C# using cross-forest domain trusts greatly increasing security by forcing all wire transactions to flow through a separate domain.",
        "action_flag": 1,
        "change_message": "[{\"added\": {}}]"
    }
},
{
    "model": "admin.logentry",
    "pk": 359,
    "fields": {
        "action_time": "2017-06-10T19:00:43.754Z",
        "user": 1,
        "content_type": 14,
        "object_id": "69",
        "object_repr": "Improved custom margin management and portfolio rebalancing system in VBA & SQL.",
        "action_flag": 1,
        "change_message": "[{\"added\": {}}]"
    }
},
{
    "model": "admin.logentry",
    "pk": 360,
    "fields": {
        "action_time": "2017-06-10T19:00:53.893Z",
        "user": 1,
        "content_type": 14,
        "object_id": "70",
        "object_repr": "Created treasury management solution in Java and Clojure using Hazeltree which provides automated cash, collateral, counterparty, and margin management.",
        "action_flag": 1,
        "change_message": "[{\"added\": {}}]"
    }
},
{
    "model": "admin.logentry",
    "pk": 361,
    "fields": {
        "action_time": "2017-06-10T19:01:06.665Z",
        "user": 1,
        "content_type": 14,
        "object_id": "71",
        "object_repr": "Built a set of RESTful web services in Java, Jetty, Jackson, Guice, Hibernate, and Jersey that provided the \u201cgolden\u201d source of data for balance sheet and income statement data to all groups in the fir",
        "action_flag": 1,
        "change_message": "[{\"added\": {}}]"
    }
},
{
    "model": "admin.logentry",
    "pk": 362,
    "fields": {
        "action_time": "2017-06-10T19:01:27.086Z",
        "user": 1,
        "content_type": 14,
        "object_id": "72",
        "object_repr": "Developed proprietary trading models in Python using core, high frequency trading, and market making techniques which aimed to capitalize on irrational differences in the bid-ask spread.",
        "action_flag": 1,
        "change_message": "[{\"added\": {}}]"
    }
},
{
    "model": "admin.logentry",
    "pk": 363,
    "fields": {
        "action_time": "2017-06-10T19:02:55.413Z",
        "user": 1,
        "content_type": 9,
        "object_id": "1",
        "object_repr": "Two Sigma Investments",
        "action_flag": 2,
        "change_message": "[]"
    }
},
{
    "model": "admin.logentry",
    "pk": 364,
    "fields": {
        "action_time": "2017-06-10T22:31:10.022Z",
        "user": 1,
        "content_type": 14,
        "object_id": "68",
        "object_repr": "Constructed a custom Windows Authentication Provider in C# using cross-forest domain trusts greatly improving security by forcing all wire transactions to flow through a separate domain.",
        "action_flag": 2,
        "change_message": "[{\"changed\": {\"fields\": [\"description\"]}}]"
    }
},
{
    "model": "admin.logentry",
    "pk": 365,
    "fields": {
        "action_time": "2017-06-10T22:34:46.993Z",
        "user": 1,
        "content_type": 14,
        "object_id": "69",
        "object_repr": "Automated custom margin management and portfolio rebalancing system in VBA & SQL.",
        "action_flag": 2,
        "change_message": "[{\"changed\": {\"fields\": [\"description\"]}}]"
    }
},
{
    "model": "admin.logentry",
    "pk": 366,
    "fields": {
        "action_time": "2017-06-10T22:36:41.526Z",
        "user": 1,
        "content_type": 13,
        "object_id": "1",
        "object_repr": "E-Support (Lead)",
        "action_flag": 2,
        "change_message": "[{\"changed\": {\"fields\": [\"name\"]}}]"
    }
},
{
    "model": "admin.logentry",
    "pk": 367,
    "fields": {
        "action_time": "2017-06-10T22:42:18.277Z",
        "user": 1,
        "content_type": 17,
        "object_id": "79",
        "object_repr": "Ant",
        "action_flag": 1,
        "change_message": "[{\"added\": {}}]"
    }
},
{
    "model": "admin.logentry",
    "pk": 368,
    "fields": {
        "action_time": "2017-06-10T22:43:06.135Z",
        "user": 1,
        "content_type": 17,
        "object_id": "80",
        "object_repr": "Siebal Enterprise",
        "action_flag": 1,
        "change_message": "[{\"added\": {}}]"
    }
},
{
    "model": "admin.logentry",
    "pk": 369,
    "fields": {
        "action_time": "2017-06-10T22:43:27.091Z",
        "user": 1,
        "content_type": 17,
        "object_id": "81",
        "object_repr": "Oracle Application Server",
        "action_flag": 1,
        "change_message": "[{\"added\": {}}]"
    }
},
{
    "model": "admin.logentry",
    "pk": 370,
    "fields": {
        "action_time": "2017-06-10T22:43:40.653Z",
        "user": 1,
        "content_type": 13,
        "object_id": "1",
        "object_repr": "E-Support (Lead)",
        "action_flag": 2,
        "change_message": "[]"
    }
},
{
    "model": "admin.logentry",
    "pk": 371,
    "fields": {
        "action_time": "2017-06-10T22:43:49.899Z",
        "user": 1,
        "content_type": 17,
        "object_id": "82",
        "object_repr": "Razor",
        "action_flag": 1,
        "change_message": "[{\"added\": {}}]"
    }
},
{
    "model": "admin.logentry",
    "pk": 372,
    "fields": {
        "action_time": "2017-06-10T22:44:49.475Z",
        "user": 1,
        "content_type": 17,
        "object_id": "83",
        "object_repr": "Dynamics GP",
        "action_flag": 1,
        "change_message": "[{\"added\": {}}]"
    }
},
{
    "model": "admin.logentry",
    "pk": 373,
    "fields": {
        "action_time": "2017-06-10T22:44:53.521Z",
        "user": 1,
        "content_type": 17,
        "object_id": "84",
        "object_repr": "BizTalk",
        "action_flag": 1,
        "change_message": "[{\"added\": {}}]"
    }
},
{
    "model": "admin.logentry",
    "pk": 374,
    "fields": {
        "action_time": "2017-06-10T22:44:54.719Z",
        "user": 1,
        "content_type": 13,
        "object_id": "2",
        "object_repr": "E-License",
        "action_flag": 2,
        "change_message": "[]"
    }
},
{
    "model": "admin.logentry",
    "pk": 375,
    "fields": {
        "action_time": "2017-06-10T22:46:16.383Z",
        "user": 1,
        "content_type": 14,
        "object_id": "13",
        "object_repr": "Developed 3D virtualization environment utilizing the XNA game engine and C# .NET.",
        "action_flag": 2,
        "change_message": "[{\"changed\": {\"fields\": [\"description\"]}}]"
    }
},
{
    "model": "admin.logentry",
    "pk": 376,
    "fields": {
        "action_time": "2017-06-10T22:47:22.686Z",
        "user": 1,
        "content_type": 13,
        "object_id": "4",
        "object_repr": "ACCS Data",
        "action_flag": 2,
        "change_message": "[{\"changed\": {\"fields\": [\"description\"]}}]"
    }
},
{
    "model": "admin.logentry",
    "pk": 377,
    "fields": {
        "action_time": "2017-06-10T22:51:31.193Z",
        "user": 1,
        "content_type": 17,
        "object_id": "85",
        "object_repr": "Klockwork",
        "action_flag": 1,
        "change_message": "[{\"added\": {}}]"
    }
},
{
    "model": "admin.logentry",
    "pk": 378,
    "fields": {
        "action_time": "2017-06-10T22:51:35.075Z",
        "user": 1,
        "content_type": 17,
        "object_id": "86",
        "object_repr": "EMMA",
        "action_flag": 1,
        "change_message": "[{\"added\": {}}]"
    }
},
{
    "model": "admin.logentry",
    "pk": 379,
    "fields": {
        "action_time": "2017-06-10T22:51:46.510Z",
        "user": 1,
        "content_type": 13,
        "object_id": "6",
        "object_repr": "ACCS GIS",
        "action_flag": 2,
        "change_message": "[]"
    }
},
{
    "model": "admin.logentry",
    "pk": 380,
    "fields": {
        "action_time": "2017-06-10T22:54:51.757Z",
        "user": 1,
        "content_type": 9,
        "object_id": "4",
        "object_repr": "Textron",
        "action_flag": 2,
        "change_message": "[{\"changed\": {\"fields\": [\"description\"]}}]"
    }
},
{
    "model": "admin.logentry",
    "pk": 381,
    "fields": {
        "action_time": "2017-06-10T22:57:08.980Z",
        "user": 1,
        "content_type": 17,
        "object_id": "87",
        "object_repr": "Cocoa",
        "action_flag": 1,
        "change_message": "[{\"added\": {}}]"
    }
},
{
    "model": "admin.logentry",
    "pk": 382,
    "fields": {
        "action_time": "2017-06-10T22:57:17.132Z",
        "user": 1,
        "content_type": 9,
        "object_id": "5",
        "object_repr": "Aspyr",
        "action_flag": 2,
        "change_message": "[]"
    }
},
{
    "model": "admin.logentry",
    "pk": 383,
    "fields": {
        "action_time": "2017-06-10T23:08:50.057Z",
        "user": 1,
        "content_type": 13,
        "object_id": "8",
        "object_repr": "Accounting Engineering (Lead)",
        "action_flag": 2,
        "change_message": "[{\"changed\": {\"fields\": [\"description\"]}}]"
    }
},
{
    "model": "admin.logentry",
    "pk": 384,
    "fields": {
        "action_time": "2017-06-10T23:08:55.736Z",
        "user": 1,
        "content_type": 13,
        "object_id": "9",
        "object_repr": "Treasury Engineering (Lead)",
        "action_flag": 2,
        "change_message": "[{\"changed\": {\"fields\": [\"description\"]}}]"
    }
},
{
    "model": "admin.logentry",
    "pk": 385,
    "fields": {
        "action_time": "2017-06-10T23:14:59.319Z",
        "user": 1,
        "content_type": 15,
        "object_id": "1",
        "object_repr": "Ask.com Search Extension",
        "action_flag": 2,
        "change_message": "[{\"changed\": {\"fields\": [\"description\"]}}]"
    }
},
{
    "model": "admin.logentry",
    "pk": 386,
    "fields": {
        "action_time": "2017-06-10T23:17:10.905Z",
        "user": 1,
        "content_type": 14,
        "object_id": "56",
        "object_repr": "Created UI design based on Bootstrap Freelancer with dynamic JavaScript elements such as a top navigation bar that collapses/expands, dynamic highlighting navigation elements with Scrollspy, and minim",
        "action_flag": 2,
        "change_message": "[{\"changed\": {\"fields\": [\"description\"]}}]"
    }
},
{
    "model": "admin.logentry",
    "pk": 387,
    "fields": {
        "action_time": "2017-06-10T23:17:58.852Z",
        "user": 1,
        "content_type": 14,
        "object_id": "57",
        "object_repr": "Added custom CSS in LESS with Font Awesome icons and responsive design based on window size including mobile browsers.",
        "action_flag": 2,
        "change_message": "[{\"changed\": {\"fields\": [\"description\"]}}]"
    }
},
{
    "model": "admin.logentry",
    "pk": 388,
    "fields": {
        "action_time": "2017-06-11T03:27:59.258Z",
        "user": 1,
        "content_type": 13,
        "object_id": "5",
        "object_repr": "EPOMT (Lead)",
        "action_flag": 2,
        "change_message": "[{\"changed\": {\"fields\": [\"name\", \"description\"]}}]"
    }
},
{
    "model": "admin.logentry",
    "pk": 389,
    "fields": {
        "action_time": "2017-06-11T03:28:24.084Z",
        "user": 1,
        "content_type": 14,
        "object_id": "20",
        "object_repr": "Led EPOMT software team of seven engineers, as well as oversaw all design, integration, testing, and successful delivery to customer in Hamamatsu, Japan.",
        "action_flag": 2,
        "change_message": "[{\"changed\": {\"fields\": [\"description\"]}}]"
    }
},
{
    "model": "admin.logentry",
    "pk": 390,
    "fields": {
        "action_time": "2017-06-11T03:42:18.384Z",
        "user": 1,
        "content_type": 14,
        "object_id": "18",
        "object_repr": "Performed back-end Java development and wrote server side business logic atop a proprietary object-relational mapping / container-managed persistence framework deployed on a WebLogic application serve",
        "action_flag": 2,
        "change_message": "[{\"changed\": {\"fields\": [\"description\"]}}]"
    }
},
{
    "model": "admin.logentry",
    "pk": 391,
    "fields": {
        "action_time": "2017-06-11T03:42:28.811Z",
        "user": 1,
        "content_type": 17,
        "object_id": "47",
        "object_repr": "WebLogic",
        "action_flag": 2,
        "change_message": "[{\"changed\": {\"fields\": [\"name\"]}}]"
    }
},
{
    "model": "admin.logentry",
    "pk": 392,
    "fields": {
        "action_time": "2017-06-11T20:07:53.077Z",
        "user": 1,
        "content_type": 9,
        "object_id": "1",
        "object_repr": "Two Sigma Investments",
        "action_flag": 2,
        "change_message": "[{\"changed\": {\"fields\": [\"description\"]}}]"
    }
},
{
    "model": "admin.logentry",
    "pk": 393,
    "fields": {
        "action_time": "2017-06-11T20:10:14.580Z",
        "user": 1,
        "content_type": 9,
        "object_id": "1",
        "object_repr": "Two Sigma Investments",
        "action_flag": 2,
        "change_message": "[{\"changed\": {\"fields\": [\"description\"]}}]"
    }
},
{
    "model": "admin.logentry",
    "pk": 394,
    "fields": {
        "action_time": "2017-06-11T20:15:37.505Z",
        "user": 1,
        "content_type": 7,
        "object_id": "5",
        "object_repr": "ScrumMaster",
        "action_flag": 2,
        "change_message": "[{\"changed\": {\"fields\": [\"name\"]}}]"
    }
},
{
    "model": "admin.logentry",
    "pk": 395,
    "fields": {
        "action_time": "2017-06-11T20:16:15.988Z",
        "user": 1,
        "content_type": 14,
        "object_id": "61",
        "object_repr": "Serve as ScrumMaster for a Java project to completely rewrite the monthly reapportionment process including processing subscriptions/redemptions, fee crystallization, and dividends.",
        "action_flag": 2,
        "change_message": "[{\"changed\": {\"fields\": [\"description\"]}}]"
    }
},
{
    "model": "admin.logentry",
    "pk": 396,
    "fields": {
        "action_time": "2017-06-11T20:16:59.310Z",
        "user": 1,
        "content_type": 14,
        "object_id": "66",
        "object_repr": "Create automated process to interact with Lawson GL to generate and automatically reconcile all incoming and outgoing ACH, check, and wire transfers replacing a manual daily process requiring multiple",
        "action_flag": 2,
        "change_message": "[{\"changed\": {\"fields\": [\"description\"]}}]"
    }
},
{
    "model": "admin.logentry",
    "pk": 397,
    "fields": {
        "action_time": "2017-06-11T20:17:18.116Z",
        "user": 1,
        "content_type": 14,
        "object_id": "67",
        "object_repr": "Developed an automatic configuration-based data import framework using Java and Clojure which downloads thousands of files via SFTP and transforms them into a SQL Server database.",
        "action_flag": 2,
        "change_message": "[{\"changed\": {\"fields\": [\"description\"]}}]"
    }
},
{
    "model": "admin.logentry",
    "pk": 398,
    "fields": {
        "action_time": "2017-06-11T20:17:28.199Z",
        "user": 1,
        "content_type": 14,
        "object_id": "69",
        "object_repr": "Automated custom margin management and portfolio rebalancing system in VBA and SQL.",
        "action_flag": 2,
        "change_message": "[{\"changed\": {\"fields\": [\"description\"]}}]"
    }
},
{
    "model": "admin.logentry",
    "pk": 399,
    "fields": {
        "action_time": "2017-06-11T20:18:41.179Z",
        "user": 1,
        "content_type": 9,
        "object_id": "3",
        "object_repr": "Raytheon",
        "action_flag": 2,
        "change_message": "[{\"changed\": {\"fields\": [\"description\"]}}]"
    }
},
{
    "model": "admin.logentry",
    "pk": 400,
    "fields": {
        "action_time": "2017-06-11T20:19:43.881Z",
        "user": 1,
        "content_type": 13,
        "object_id": "3",
        "object_repr": "PMET",
        "action_flag": 2,
        "change_message": "[{\"changed\": {\"fields\": [\"description\"]}}]"
    }
},
{
    "model": "admin.logentry",
    "pk": 401,
    "fields": {
        "action_time": "2017-06-11T20:20:15.293Z",
        "user": 1,
        "content_type": 14,
        "object_id": "15",
        "object_repr": "Worked directly with Army customers at Fort Sill, OK and Boston, MA to gather requirements and evaluate future customer needs.",
        "action_flag": 2,
        "change_message": "[{\"changed\": {\"fields\": [\"description\"]}}]"
    }
},
{
    "model": "admin.logentry",
    "pk": 402,
    "fields": {
        "action_time": "2017-06-11T20:20:53.028Z",
        "user": 1,
        "content_type": 14,
        "object_id": "17",
        "object_repr": "Filled a critical Java EE need by completing a 6-month assignment in Paris, France.",
        "action_flag": 2,
        "change_message": "[{\"changed\": {\"fields\": [\"description\"]}}]"
    }
},
{
    "model": "admin.logentry",
    "pk": 403,
    "fields": {
        "action_time": "2017-06-11T20:21:32.838Z",
        "user": 1,
        "content_type": 14,
        "object_id": "18",
        "object_repr": "Performed back-end Java development and wrote server side business logic atop a proprietary object-relational mapping and container-managed persistence framework deployed on a WebLogic application ser",
        "action_flag": 2,
        "change_message": "[{\"changed\": {\"fields\": [\"description\"]}}]"
    }
},
{
    "model": "admin.logentry",
    "pk": 404,
    "fields": {
        "action_time": "2017-06-11T20:21:59.518Z",
        "user": 1,
        "content_type": 13,
        "object_id": "5",
        "object_repr": "EPOMT (Lead)",
        "action_flag": 2,
        "change_message": "[{\"changed\": {\"fields\": [\"description\"]}}]"
    }
},
{
    "model": "admin.logentry",
    "pk": 405,
    "fields": {
        "action_time": "2017-06-11T20:22:50.028Z",
        "user": 1,
        "content_type": 14,
        "object_id": "26",
        "object_repr": "Developed unified configuration and testing plan for the software team to encompass the build process, unit testing, and static code analysis (Klocwork and EMMA).",
        "action_flag": 2,
        "change_message": "[{\"changed\": {\"fields\": [\"description\"]}}]"
    }
},
{
    "model": "admin.logentry",
    "pk": 406,
    "fields": {
        "action_time": "2017-06-11T20:24:01.272Z",
        "user": 1,
        "content_type": 14,
        "object_id": "32",
        "object_repr": "Traced bi-directional requirements to software in a requirements management tool (DOORS).",
        "action_flag": 2,
        "change_message": "[{\"changed\": {\"fields\": [\"description\"]}}]"
    }
},
{
    "model": "admin.logentry",
    "pk": 407,
    "fields": {
        "action_time": "2017-06-11T20:24:27.060Z",
        "user": 1,
        "content_type": 14,
        "object_id": "33",
        "object_repr": "Conducted tactical demonstrations of MWC software for Air Force generals in Taipei, Taiwan.",
        "action_flag": 2,
        "change_message": "[{\"changed\": {\"fields\": [\"description\"]}}]"
    }
},
{
    "model": "admin.logentry",
    "pk": 408,
    "fields": {
        "action_time": "2017-06-11T20:24:53.864Z",
        "user": 1,
        "content_type": 14,
        "object_id": "34",
        "object_repr": "Developed RESTful web services that processed retrieve and response requests for a data distribution system to synchronize real-time mission data across a distributed network for mission planning and ",
        "action_flag": 2,
        "change_message": "[{\"changed\": {\"fields\": [\"description\"]}}]"
    }
},
{
    "model": "admin.logentry",
    "pk": 409,
    "fields": {
        "action_time": "2017-06-11T20:25:58.996Z",
        "user": 1,
        "content_type": 14,
        "object_id": "40",
        "object_repr": "Implemented bug fixes in C++ to enhance on-demand caching and collision detection.",
        "action_flag": 2,
        "change_message": "[{\"changed\": {\"fields\": [\"description\"]}}]"
    }
},
{
    "model": "admin.logentry",
    "pk": 410,
    "fields": {
        "action_time": "2017-06-11T23:07:04.262Z",
        "user": 1,
        "content_type": 14,
        "object_id": "71",
        "object_repr": "Built a set of RESTful web services in Java, Jetty, Jackson, Guice, Hibernate, and Jersey that provided the \u201cgolden\u201d source of data for balance sheet and income statement data to all groups in the fir",
        "action_flag": 2,
        "change_message": "[{\"changed\": {\"fields\": [\"project\"]}}]"
    }
},
{
    "model": "admin.logentry",
    "pk": 411,
    "fields": {
        "action_time": "2017-06-11T23:07:40.035Z",
        "user": 1,
        "content_type": 13,
        "object_id": "11",
        "object_repr": "Corporate Engineering",
        "action_flag": 2,
        "change_message": "[]"
    }
},
{
    "model": "admin.logentry",
    "pk": 412,
    "fields": {
        "action_time": "2017-06-11T23:08:05.474Z",
        "user": 1,
        "content_type": 13,
        "object_id": "10",
        "object_repr": "Corporate Platforms",
        "action_flag": 3,
        "change_message": ""
    }
}
]
